group,day,mouse,post_antibiotic,KB1,YL2,KB18,YL27,YL31,YL32,YL44,YL45,I46,I48,I49,YL58,universal
Ciprofloxacin,0,Mouse 1,True,58520384.27,149150.81,10653.63,21456408871.0,13956254032.0,3523155121.0,229160000000,7647174919.0,12592589516.0,300326000000,33292590726.0,35508545565.0,57945100000000
Ciprofloxacin,4,Mouse 1,True,242098.12,135574.95,9683.92,13538126931.0,9993810438.0,5103428392.0,120662000000,3808687641.0,2764760543.0,173923000000,5453018079.0,13402551983.0,34436000000000
Ciprofloxacin,9,Mouse 1,False,24788550.72,157031.54,11216.54,37093093777.0,12338192668.0,4332948934.0,188662000000,12192377664.0,4468669054.0,301949000000,6825263853.0,13157000000.0,80669300000000
Ciprofloxacin,14,Mouse 1,True,89588080.93,185263.39,13233.1,34816283741.0,16475208384.0,5916518609.0,202863000000,9763380519.0,5048427308.0,231579000000,17997014781.0,18208744366.0,45177800000000
Ciprofloxacin,18,Mouse 1,True,5055840.51,230860.3,16490.02,33639643312.0,10237005180.0,4234637452.0,277527000000,14408980552.0,4038406200.0,270766000000,3149594055.0,16852801699.0,49832800000000
Ciprofloxacin,23,Mouse 1,False,82314704.35,648512.02,46322.29,46785510071.0,7601487329.0,3574227680.0,231380000000,12831273554.0,7119735543.0,282983000000,7003929825.0,21794636127.0,51093500000000
Ciprofloxacin,30,Mouse 1,False,70551506.9,439768.97,31412.07,51704265517.0,11609900690.0,3813425172.0,254878000000,6527427931.0,5035354655.0,234742000000,2657146914.0,16616984483.0,55096800000000
Ciprofloxacin,37,Mouse 1,False,44541243.78,257676.62,18405.47,20246019901.0,10439584080.0,3456547761.0,218289000000,9057333085.0,4402589055.0,290438000000,1774103507.0,15883922886.0,55805400000000
Ciprofloxacin,44,Mouse 1,False,175126407.8,177922.33,12708.74,27781300971.0,18643718447.0,7307524272.0,283786000000,15148815534.0,9737434951.0,399690000000,2973844660.0,29674902913.0,83000800000000
Ciprofloxacin,49,Mouse 1,True,33647276.84,301383.16,21527.37,19447824632.0,7939293474.0,3224799789.0,198956000000,8247134842.0,3728540211.0,233572000000,1695710811.0,12903504632.0,36402800000000
Ciprofloxacin,53,Mouse 1,True,18875240.88,169393.19,12099.51,31289341606.0,9969999027.0,4924501946.0,223599000000,15777765450.0,5206420608.0,283250000000,1038743224.0,19032534550.0,72016300000000
Ciprofloxacin,58,Mouse 1,False,74209488.34,238178.09,17012.72,39792754064.0,9095000565.0,4787379647.0,328175000000,13424738021.0,6031009541.0,343997000000,703816261.5,16908943251.0,78785900000000
Ciprofloxacin,63,Mouse 1,True,112511094.6,255748.55,18267.75,44902138406.0,10390698261.0,6678690725.0,81675126449,16157828080.0,8067040000.0,379604000000,776927561.6,32041639855.0,34160700000000
Ciprofloxacin,67,Mouse 1,True,34907933.77,202197.38,14442.67,59099406283.0,13862074817.0,13407130707.0,145293000000,31427250262.0,2666116911.0,420859000000,782215015.7,12832312435.0,109880000000000
Ciprofloxacin,72,Mouse 1,False,93546188.34,301345.29,21524.66,43049327354.0,11339192825.0,4599820628.0,110658000000,20521614350.0,5710493274.0,415641000000,2712107623.0,16978654709.0,55813500000000
Ciprofloxacin,79,Mouse 1,False,173453495.9,122334.96,8738.21,24030081301.0,10162539837.0,6121117073.0,128015000000,14601551220.0,3566064065.0,420920000000,4678438374.0,15230702439.0,68743500000000
Ciprofloxacin,0,Mouse 2,True,36561379.06,155864.59,11133.18,19883868151.0,14462007127.0,4319675724.0,184811000000,7434740846.0,12157437862.0,316405000000,15040932739.0,28823815590.0,64739500000000
Ciprofloxacin,4,Mouse 2,True,4337162.23,189277.65,13519.83,24416817318.0,14763656983.0,4256043240.0,188602000000,6868074860.0,3598979385.0,364900000000,8426911536.0,17765059777.0,74724100000000
Ciprofloxacin,9,Mouse 2,False,30534319.21,175773.22,12555.23,34162780658.0,8432092426.0,3816789901.0,145515000000,8183498873.0,2307651262.0,227250000000,8222420086.0,9611028517.0,54263700000000
Ciprofloxacin,14,Mouse 2,True,77473810.78,176048.26,12574.88,44162964366.0,13027571493.0,4393661660.0,281803000000,9587085431.0,4298092603.0,273629000000,11849305616.0,16686860397.0,56285100000000
Ciprofloxacin,18,Mouse 2,True,13035459.32,337331.66,24095.12,45708440551.0,17167772215.0,5214183730.0,305526000000,15310038548.0,3156460576.0,356367000000,6071969962.0,16242519650.0,56213900000000
Ciprofloxacin,23,Mouse 2,False,36401930.45,323367.4,23097.67,27255252495.0,4450921318.0,2061467191.0,157942000000,8855647294.0,2776340127.0,168959000000,4055951134.0,13870151799.0,31297300000000
Ciprofloxacin,30,Mouse 2,False,70808612.7,268577.78,19184.13,37562520635.0,9718678730.0,5720706667.0,148946000000,8256848254.0,4162955556.0,225605000000,3656494603.0,16147279683.0,48977100000000
Ciprofloxacin,37,Mouse 2,False,87072183.13,314827.11,22487.65,30808081325.0,13180012018.0,9602226807.0,289416000000,13537565663.0,7598577139.0,434686000000,3150519849.0,31640124398.0,86465000000000
Ciprofloxacin,44,Mouse 2,False,73664150.0,196700.0,14050.0,28844650000.0,9375565000.0,3362165000.0,224098000000,12036635000.0,3253980000.0,240817000000,1174580000.0,14232650000.0,44257500000000
Ciprofloxacin,49,Mouse 2,True,53556242.31,180976.92,12926.92,15770846154.0,12477066154.0,4823035000.0,286978000000,18007203846.0,7126612692.0,346571000000,5890798846.0,25970188462.0,34282200000000
Ciprofloxacin,53,Mouse 2,True,25526347.23,188287.07,13449.08,32439172559.0,11696661847.0,4596894354.0,225138000000,17120674406.0,4582100369.0,271268000000,2118229551.0,18546276517.0,69827600000000
Ciprofloxacin,58,Mouse 2,False,82381952.84,210234.66,15016.76,38668160511.0,10348050256.0,5281394972.0,215340000000,17314325852.0,5770941392.0,335775000000,2308076222.0,19041253409.0,75519300000000
Ciprofloxacin,63,Mouse 2,True,65883832.84,231171.34,16512.24,55382048955.0,15133466866.0,13822395104.0,110814000000,20458663881.0,5392897194.0,387707000000,2496650507.0,26733314627.0,81933700000000
Ciprofloxacin,67,Mouse 2,True,137883016.4,156685.25,11191.8,29591127869.0,18869380328.0,5694389508.0,125908000000,26524573770.0,10537082787.0,408389000000,40928424590.0,57939965574.0,122326000000000
Ciprofloxacin,72,Mouse 2,False,108653992.5,496947.37,35496.24,77665774436.0,20768850376.0,7184439098.0,198495000000,31879173684.0,7262530827.0,563325000000,3188272331.0,25188132331.0,89379500000000
Ciprofloxacin,79,Mouse 2,False,144793743.6,165343.59,11810.26,39044707692.0,7967198974.0,3730860000.0,120110000000,11262260513.0,3096649231.0,263959000000,4607181026.0,13959723077.0,47819700000000
Ciprofloxacin,0,Mouse 3,True,75281827.34,264146.76,18867.63,48376592806.0,19641198561.0,18599705612.0,224147000000,12113015827.0,17503496547.0,525086000000,25169412950.0,40263513669.0,113130000000000
Ciprofloxacin,4,Mouse 3,True,262039.34,146742.03,10481.57,20449549896.0,10513018219.0,3733536480.0,218226000000,7504806625.0,6362315114.0,315600000000,8136845507.0,28363137888.0,64566500000000
Ciprofloxacin,9,Mouse 3,False,74984996.97,225518.79,16108.48,36211873939.0,10499510424.0,6451448182.0,208605000000,8878996848.0,5054842545.0,361152000000,13063981212.0,17155536364.0,71070600000000
Ciprofloxacin,14,Mouse 3,True,40752601.91,173047.14,12360.51,34967883170.0,9443429743.0,3661183102.0,148079000000,8078829424.0,2364565589.0,231142000000,5143208267.0,10947703826.0,40851500000000
Ciprofloxacin,18,Mouse 3,True,2510395.97,321551.18,22967.94,45315747941.0,10565252941.0,13512039794.0,349113000000,14506551647.0,2071019256.0,308230000000,1096948871.0,9267564265.0,65022200000000
Ciprofloxacin,23,Mouse 3,False,74507644.51,326276.83,23305.49,25705953049.0,5437170305.0,3905999756.0,126176000000,7096521037.0,2836277866.0,182202000000,1493648713.0,9401433780.0,38990100000000
Ciprofloxacin,30,Mouse 3,False,70010577.68,229973.74,16426.7,39769030635.0,10399741138.0,5059422319.0,189564000000,8430180306.0,3255771116.0,290588000000,2468932385.0,13253058206.0,61238700000000
Ciprofloxacin,37,Mouse 3,False,51542413.79,379786.21,27127.59,26085886897.0,14724853793.0,8770348621.0,234654000000,15837084828.0,6700513793.0,391451000000,3106108621.0,28673858621.0,74817900000000
Ciprofloxacin,44,Mouse 3,False,114410325.4,214970.41,15355.03,42702337278.0,12397650888.0,4477526627.0,283761000000,17550798817.0,6071378698.0,358233000000,1839532544.0,20330059172.0,70372100000000
Ciprofloxacin,49,Mouse 3,True,77085771.43,192165.38,13726.1,22126471429.0,16334057692.0,8422334286.0,273836000000,20547970055.0,7930939945.0,455157000000,2042443516.0,23677520604.0,53353300000000
Ciprofloxacin,53,Mouse 3,True,53177513.36,254003.82,18143.13,46482698473.0,10882249237.0,5481039504.0,273417000000,16361474427.0,5882002672.0,255818000000,1734664637.0,24547654580.0,38590400000000
Ciprofloxacin,58,Mouse 3,False,43071352.03,258908.94,18493.5,42017222764.0,8357210813.0,3191977398.0,231539000000,19972975610.0,3402803252.0,308102000000,1186542699.0,10999931382.0,55887300000000
Ciprofloxacin,63,Mouse 3,True,252720248.8,197768.78,14126.34,44455596585.0,25272024878.0,21161259512.0,128917000000,31671257561.0,15920386829.0,548950000000,3617756049.0,82441328780.0,110341000000000
Ciprofloxacin,67,Mouse 3,True,54510769.23,147897.44,10564.1,36889846154.0,12529025641.0,5068656410.0,116416000000,19004820513.0,3649897436.0,304669000000,1845548718.0,18360410256.0,73409900000000
Ciprofloxacin,72,Mouse 3,False,82753582.52,320572.82,22898.06,50558912621.0,11861194175.0,7918148544.0,125413000000,22167610194.0,4597930097.0,436666000000,717167184.5,17901701942.0,54268400000000
Ciprofloxacin,79,Mouse 3,False,202534420.3,177661.77,12690.13,46877327595.0,11398271696.0,3933939241.0,150632000000,14327152911.0,4204238937.0,347075000000,3545621367.0,22563045063.0,62295800000000
Ciprofloxacin,0,Mouse 4,True,48226128.31,216468.67,15462.05,47483950000.0,17920513855.0,16003219880.0,225127000000,8573705723.0,12069674819.0,431546000000,5407078253.0,24182643373.0,83309500000000
Ciprofloxacin,4,Mouse 4,True,488798.83,273727.34,19551.95,42329978516.0,20412239063.0,6790393320.0,346265000000,12096793398.0,9940212969.0,522624000000,11705754336.0,45634258594.0,95980500000000
Ciprofloxacin,9,Mouse 4,False,76033536.4,193751.28,13839.38,43248052646.0,11946150094.0,5346151276.0,196519000000,6399327854.0,4474270535.0,286613000000,7495406500.0,16787164115.0,57737900000000
Ciprofloxacin,14,Mouse 4,True,105139820.5,155237.03,11088.36,26101997195.0,15423907433.0,6650797756.0,224539000000,9027033100.0,6946856943.0,377670000000,2747695372.0,22320866760.0,59189700000000
Ciprofloxacin,18,Mouse 4,True,28631575.65,550229.32,39302.09,57381057592.0,17457990262.0,4169952199.0,337644000000,15186329215.0,9837314188.0,363898000000,2457559953.0,64298226178.0,63079900000000
Ciprofloxacin,23,Mouse 4,False,37259674.28,439456.98,31389.78,30065135661.0,6714274919.0,3685160708.0,125214000000,5643883266.0,2426116449.0,173868000000,685238997.2,9887782139.0,38138600000000
Ciprofloxacin,30,Mouse 4,False,47577767.48,160735.7,11481.12,34098930841.0,9243450916.0,4103352822.0,158554000000,5972479402.0,2687730542.0,222504000000,433756770.1,9382372486.0,50379200000000
Ciprofloxacin,37,Mouse 4,False,57442256.12,397720.86,28408.63,36902814388.0,6477168345.0,5380595108.0,229059000000,11465724317.0,7062386187.0,366187000000,699988719.4,27786484029.0,76135100000000
Ciprofloxacin,44,Mouse 4,False,54563851.2,157829.32,11273.52,17609242888.0,9355896718.0,4908491904.0,225245000000,14317374179.0,4323396061.0,313968000000,456464945.3,15095247265.0,59997700000000
Ciprofloxacin,49,Mouse 4,True,73859817.66,150383.57,10741.68,14845006982.0,10008026776.0,3991609692.0,180460000000,10752425462.0,6631915565.0,284440000000,500455047.2,18529404517.0,35737600000000
Ciprofloxacin,53,Mouse 4,True,15540667.2,119216.08,8515.43,27283450804.0,16443303215.0,12117462701.0,213567000000,19304489068.0,4985786656.0,320180000000,1158950579.0,17558825080.0,96309600000000
Ciprofloxacin,58,Mouse 4,False,97589496.75,152177.87,10869.85,34566117137.0,13978624729.0,5728409978.0,327074000000,29337720174.0,8764358568.0,536536000000,1095680694.0,24739774403.0,121960000000000
Ciprofloxacin,63,Mouse 4,True,112030126.2,417911.48,29850.82,142627000000.0,29880670492.0,37791137705.0,171612000000,46835936066.0,8579125574.0,853733000000,586270098.4,42507567213.0,228389000000000
Ciprofloxacin,67,Mouse 4,True,43967368.42,181042.11,12931.58,49631400000.0,13914378947.0,11070724737.0,91503852632,19707726316.0,3402298421.0,318246000000,1441871053.0,13888515789.0,14638500000000
Ciprofloxacin,72,Mouse 4,False,75678900.0,156200.0,11157.14,52393942857.0,11115861429.0,5531711429.0,142588000000,13611714286.0,3617145714.0,344309000000,4188391429.0,16958857143.0,89402200000000
Ciprofloxacin,79,Mouse 4,False,151009916.1,177509.56,12679.25,45049389744.0,10852173566.0,5987143776.0,148854000000,12920159907.0,3926764988.0,349313000000,6274962844.0,18879409324.0,68113000000000
Tetracyclin,0,Mouse 1,True,38272199.64,135237.45,9659.82,32283112364.0,8508367855.0,2187948818.0,119299000000,8203117600.0,7393624836.0,230966000000,15281832364.0,15552307273.0,37277200000000
Tetracyclin,4,Mouse 1,True,9737133.87,175263.4,12518.81,20393148711.0,23961010.82,1900356.03,29919966495,25037.63,152604347.9,366175000000,815100007.7,436405871.1,40823900000000
Tetracyclin,9,Mouse 1,False,145510917.1,199135.17,14223.94,2645653.04,398270349.9,1051718203.0,37224053775,181213009.2,6641158085.0,90549608840,7837391529.0,16755802578.0,17950600000000
Tetracyclin,14,Mouse 1,True,112994362.7,277822.46,19844.46,69197636571.0,25242154780.0,7590506449.0,331006000000,11863018968.0,10196084219.0,450866000000,3782354325.0,35819252656.0,94935900000000
Tetracyclin,18,Mouse 1,True,1847287465.0,486952.07,34782.29,98155624695.0,141807399.7,18998087.25,788862000000,572864329.8,98538229.89,2657370000000,377735678.3,1252858115.0,241354000000000
Tetracyclin,23,Mouse 1,False,170271745.5,291775.33,20841.09,4480835407.0,83364.38,601057177.4,80279897618,195822927.8,6429477782.0,79112796303,1282352570.0,18873695556.0,20516000000000
Tetracyclin,30,Mouse 1,False,73361409.98,200167.56,14297.68,31798046346.0,12683474332.0,9149087166.0,161421000000,9516537611.0,5616129768.0,257787000000,2464920499.0,15655962567.0,51671800000000
Tetracyclin,37,Mouse 1,False,57776884.0,388696.0,27764.0,36176492000.0,15853244000.0,4428358000.0,295409000000,15198013600.0,5633315600.0,422846000000,931759840.0,19637477200.0,67605300000000
Tetracyclin,44,Mouse 1,False,55510166.03,201227.95,14373.42,14675266575.0,16831280274.0,5865794603.0,206259000000,9910476301.0,6340117616.0,343237000000,1255518644.0,21071440548.0,59649700000000
Tetracyclin,49,Mouse 1,True,80098019.58,182425.94,13030.42,27819956368.0,25018415094.0,17460768868.0,256178000000,20809587972.0,9561725519.0,667158000000,342309252.4,21852021934.0,76019500000000
Tetracyclin,53,Mouse 1,True,883914917.9,251827.61,17987.69,34734222761.0,32791552.61,5027558.4,286724000000,4919632.28,17111686231.0,624532000000,402024794.8,515527097.0,103213000000000
Tetracyclin,58,Mouse 1,False,285750122.5,171842.86,12274.49,38222761224.0,2299011939.0,2366521633.0,201793000000,5194564082.0,16460090816.0,288082000000,1936914490.0,52903051020.0,57555100000000
Tetracyclin,63,Mouse 1,True,279661534.1,282282.73,20163.05,51516598394.0,18251594859.0,4185849639.0,171951000000,24094847390.0,12196630281.0,430884000000,1207766827.0,44177247390.0,79966700000000
Tetracyclin,67,Mouse 1,True,383349452.6,280255.47,20018.25,38134762774.0,41277627.74,1297582.85,105436000000,40036.5,16422970803.0,702040000000,175880328.5,507262408.8,52187600000000
Tetracyclin,72,Mouse 1,False,194304351.8,162597.78,11614.13,20185353463.0,5027755762.0,3205499169.0,107338000000,5014980222.0,6138066343.0,192678000000,2048732078.0,16433990305.0,46084900000000
Tetracyclin,79,Mouse 1,False,150711577.6,244123.81,17437.41,31491971429.0,11318626054.0,4538959116.0,172282000000,11442431701.0,4460490748.0,357641000000,1248693286.0,15268200544.0,62809600000000
Tetracyclin,0,Mouse 2,True,59379994.86,209558.84,14968.49,44980308682.0,11706855048.0,6178992154.0,223180000000,9368777106.0,11397007331.0,328858000000,16300684244.0,23620275241.0,61445600000000
Tetracyclin,4,Mouse 2,True,9124604.41,178314.44,12736.75,15678933596.0,33217432.02,7817814.33,70026626247,197419.55,131315845.1,377390000000,3903812467.0,420312598.4,47546300000000
Tetracyclin,9,Mouse 2,False,177273458.8,147903.96,10564.57,52157274.5,4270198572.0,3437710578.0,137973000000,1427273199.0,8067104478.0,281968000000,5526325762.0,19385983128.0,43673900000000
Tetracyclin,14,Mouse 2,True,118574103.1,291234.64,20802.47,47096801649.0,15112997526.0,4913544412.0,209689000000,8805687340.0,8526934186.0,272720000000,12138243711.0,26835191753.0,60951200000000
Tetracyclin,18,Mouse 2,True,2827454114.0,436720.63,31194.33,30086931742.0,47758519.96,4716582.77,303802000000,475401596.4,177121408.4,636364000000,370276702.7,735874255.9,72308500000000
Tetracyclin,23,Mouse 2,False,106935754.7,239843.09,17131.65,11205811780.0,163264617.4,1312798283.0,81786493563,689720199.2,4688932402.0,131006000000,808271212.1,14738357858.0,20386700000000
Tetracyclin,30,Mouse 2,False,291991225.9,368609.3,26329.24,56739503322.0,23693679369.0,10884506113.0,245046000000,19610014884.0,26102804452.0,404154000000,10737062392.0,101526000000.0,99524500000000
Tetracyclin,37,Mouse 2,False,42420538.46,385641.26,27545.8,24807751259.0,15659789685.0,5376940979.0,250364000000,13255040979.0,5555988706.0,323663000000,1124970643.0,15183247273.0,55091600000000
Tetracyclin,44,Mouse 2,False,59639917.53,252635.05,18045.36,17226101443.0,21275480412.0,12602880000.0,230439000000,14075381443.0,7779355052.0,424427000000,1729286928.0,20120577320.0,64151300000000
Tetracyclin,49,Mouse 2,True,80306626.97,413951.69,29567.98,53636311236.0,18166565393.0,22631330000.0,199732000000,20534960393.0,8305644888.0,552626000000,1598740545.0,24313747921.0,139768000000000
Tetracyclin,53,Mouse 2,True,811825194.4,147738.89,10552.78,24851791667.0,61607116.67,8278654.17,184252000000,10352275000.0,29336722222.0,576920000000,1343368611.0,694372777.8,120302000000000
Tetracyclin,58,Mouse 2,False,112303121.6,294042.21,21003.02,31273489447.0,6254697889.0,4897903116.0,172540000000,15042359397.0,10774546734.0,283331000000,1331801186.0,28984160804.0,40808900000000
Tetracyclin,63,Mouse 2,True,164375959.8,300818.75,21487.05,81887161161.0,41212168750.0,15522247500.0,131780000000,37881675446.0,16491313616.0,682429000000,1790945915.0,51783799107.0,113043000000000
Tetracyclin,67,Mouse 2,True,390426144.6,393518.07,28108.43,33027409639.0,99194662.65,3122846.99,141891000000,11170291566.0,22267501205.0,621477000000,769608915.7,905091566.3,98154700000000
Tetracyclin,72,Mouse 2,False,630965429.0,234372.94,16740.92,47544224422.0,9395006601.0,2442500825.0,143202000000,25613613861.0,22851361386.0,319417000000,19034430693.0,73760511551.0,73927900000000
Tetracyclin,79,Mouse 2,False,86536251.61,159178.49,11369.89,40533666667.0,15713191398.0,4492244516.0,170094000000,13905378495.0,4676436774.0,346213000000,4364901720.0,18351006452.0,63398500000000
Tetracyclin,0,Mouse 3,True,91980684.92,219524.31,15680.31,31078369846.0,22563962769.0,5152549108.0,370526000000,14466651877.0,17530584000.0,541441000000,212311000000.0,37507296000.0,95681200000000
Tetracyclin,4,Mouse 3,True,10383288.26,248701.52,17764.39,24497099242.0,26913056.82,8095234.32,56188778030,35528.79,239641674.2,429721000000,2142385909.0,827287825.8,46862500000000
Tetracyclin,9,Mouse 3,False,71985990.03,174602.19,12471.59,16387663.01,3180254237.0,1884456530.0,71225223330,1741033300.0,3262566700.0,175849000000,2026632602.0,10068310768.0,28672200000000
Tetracyclin,14,Mouse 3,True,97657493.65,204487.72,14606.27,38881879763.0,20156646909.0,6258784928.0,221577000000,7224259102.0,10066638442.0,298406000000,10339775614.0,27956392887.0,59944100000000
Tetracyclin,18,Mouse 3,True,405255715.8,388867.72,27776.27,27970699510.0,72107185.63,5130276.27,95272591181,55552.53,63607648.34,517472000000,490251088.7,561080566.1,52969300000000
Tetracyclin,23,Mouse 3,False,301805653.8,383071.55,27362.25,23400199013.0,109449.01,653957853.6,123130000000,2715977262.0,14414435033.0,155336000000,2231939001.0,25589179276.0,28292600000000
Tetracyclin,30,Mouse 3,False,94360328.16,448115.53,32008.25,38601952427.0,15965716311.0,7342693107.0,244863000000,8821474369.0,6049559709.0,302702000000,3232833495.0,22082493350.0,66993300000000
Tetracyclin,37,Mouse 3,False,100354868.3,333404.88,23814.63,32697492683.0,20487729756.0,7849303415.0,272916000000,10428428293.0,10914246829.0,507966000000,2283108976.0,31602019512.0,90328900000000
Tetracyclin,44,Mouse 3,False,55779555.79,355607.37,25400.53,19880991947.0,16804988211.0,5788779947.0,282708000000,11481037895.0,6124066895.0,419871000000,1135403526.0,22855393579.0,71400900000000
Tetracyclin,49,Mouse 3,True,96605236.78,374854.02,26775.29,44714729885.0,12996724483.0,7965647989.0,223199000000,13152021149.0,6677756667.0,430011000000,542735074.7,18817671954.0,85520300000000
Tetracyclin,53,Mouse 3,True,1163992077.0,220423.23,15744.52,46147176774.0,143700198.7,23317628.39,230657000000,393455.46,17067055484.0,638755000000,136882823.2,1026070116.0,120146000000000
Tetracyclin,58,Mouse 3,False,214833853.4,452894.74,32349.62,82329793233.0,8993195489.0,7207496241.0,360698000000,6343761278.0,21787471805.0,598468000000,4079287594.0,53635676692.0,55414900000000
Tetracyclin,63,Mouse 3,True,86512486.24,317061.47,22647.25,40153570183.0,14908683165.0,11185475642.0,132192000000,18654537936.0,9964788991.0,492804000000,1472750518.0,30845551376.0,102275000000000
Tetracyclin,67,Mouse 3,True,542013207.6,210490.57,15035.04,44308264151.0,153958814.0,8691756.87,133286000000,10492954717.0,22793121294.0,739574000000,138878668.5,837602102.4,131241000000000
Tetracyclin,72,Mouse 3,False,272343170.5,232063.57,16575.97,41439922481.0,3729593023.0,2410145891.0,132326000000,6497779845.0,11301495659.0,304666000000,7996247442.0,27615564341.0,63353400000000
Tetracyclin,79,Mouse 3,False,355578547.3,150168.92,10726.35,48633277027.0,21624324324.0,3895810811.0,213347000000,18856925676.0,7749788851.0,457372000000,933299831.1,32779729730.0,65023100000000
Tetracyclin,0,Mouse 4,True,59203766.04,259747.01,18553.36,34193839179.0,12718327052.0,7287759104.0,242863000000,9491898060.0,11454843358.0,392032000000,10590256866.0,28980345522.0,83119000000000
Tetracyclin,4,Mouse 4,True,1161848.87,80048.64,5717.76,8925423643.0,1154987.56,2315692.87,9337102376,11435.52,59178817.87,182740000000,892542364.3,236257850.7,20355200000000
Tetracyclin,9,Mouse 4,False,205900527.7,296442.55,21174.47,8495196.6,4383114894.0,3701297021.0,124167000000,1310911319.0,10915438298.0,343238000000,7402594043.0,21259165957.0,57234600000000
Tetracyclin,14,Mouse 4,True,60880971.64,136789.22,9770.66,32653539916.0,23713387605.0,6477946429.0,314908000000,9713988445.0,9457997199.0,461761000000,12701855742.0,25266922269.0,67407800000000
Tetracyclin,18,Mouse 4,True,2133260184.0,304254.71,21732.48,50484549783.0,24992351.38,3405479.53,387490000000,1050765.38,168426715.8,966009000000,447037102.5,867560580.0,122310000000000
Tetracyclin,23,Mouse 4,False,321972590.1,288395.15,20599.65,4430985549.0,82398.62,1427968007.0,91956854918,624169512.6,11682063715.0,175571000000,3223845832.0,37697366599.0,30446300000000
Tetracyclin,30,Mouse 4,False,69721573.13,225271.64,16090.83,42576340299.0,16460920682.0,11887906354.0,206928000000,15201008571.0,7030084307.0,293014000000,2840031770.0,21175534328.0,69303200000000
Tetracyclin,37,Mouse 4,False,47381224.68,365072.73,26076.62,36429042857.0,8863444286.0,3559459091.0,281628000000,18060669351.0,5627335325.0,404448000000,735621545.5,19359285195.0,66338900000000
Tetracyclin,44,Mouse 4,False,51587082.69,201119.23,14365.66,16951478022.0,15227598901.0,4938913681.0,244934000000,10636334176.0,5882737500.0,370203000000,1370627558.0,19810244231.0,56399600000000
Tetracyclin,49,Mouse 4,True,49496522.82,237149.66,16939.26,38469063423.0,16256609497.0,19039730201.0,183452000000,17159472148.0,5493402584.0,451262000000,857465429.5,17498257383.0,110986000000000
Tetracyclin,53,Mouse 4,True,1518111680.0,120965.07,8640.36,25696437891.0,106276458.0,12951903.29,138678000000,195704.21,19026078089.0,910694000000,207973523.9,1932849077.0,53596200000000
Tetracyclin,58,Mouse 4,False,283143060.8,332271.82,23733.7,55157122652.0,1505428696.0,3204049724.0,169364000000,7889082431.0,17354082652.0,316608000000,1018887812.0,54682448619.0,56628600000000
Tetracyclin,63,Mouse 4,True,71407784.73,300935.88,21495.42,88604120611.0,37702966412.0,25923476336.0,167213000000,42668408397.0,6895730687.0,784368000000,976966832.1,25815999237.0,196124000000000
Tetracyclin,67,Mouse 4,True,303151248.1,191348.85,13667.77,27841257545.0,25832094.63,1239257.15,91724437596,1574527.67,11687314348.0,459374000000,22606499.74,346068061.4,70730700000000
Tetracyclin,72,Mouse 4,False,183287713.0,191066.86,13647.63,44873417751.0,2535730237.0,1682753166.0,149032000000,7691806036.0,9077040799.0,322767000000,7136347367.0,23528519527.0,54167500000000
Tetracyclin,79,Mouse 4,False,98900232.56,141286.05,10091.86,30537969767.0,13593736047.0,4326380581.0,171057000000,12826754651.0,5448595465.0,304774000000,3297010814.0,22091082558.0,62599800000000
Vancomycin,0,Mouse 1,True,41097151.87,162301.87,11592.99,15615758411.0,8622866449.0,2950416122.0,141666000000,7652533131.0,7877437150.0,195110000000,22919342523.0,18479227103.0,41595700000000
Vancomycin,4,Mouse 1,True,5441004.0,212184.0,15156.0,1432242.0,5171227.2,84479544.0,189450000000,27826416000.0,214154280.0,452407000000,471655000000.0,859496760.0,64473600000000
Vancomycin,9,Mouse 1,False,960498.45,154936.95,11066.93,22277720.66,9797548982.0,44987.05,39796663434,229085354.0,17397206596.0,31109127061,13158574200.0,18437497575.0,10363100000000
Vancomycin,14,Mouse 1,True,357199.58,200031.77,14287.98,9344341025.0,21174791130.0,983870524.4,137765000000,6648198592.0,6885379113.0,182600000000,8277028678.0,18188602637.0,30004800000000
Vancomycin,18,Mouse 1,True,807761.69,452346.55,32310.47,335705.76,58158841.87,28384745.88,159452000000,2054299537.0,22365305.75,277095000000,3017151474.0,203362083.7,48885700000000
Vancomycin,23,Mouse 1,False,252613.53,141463.57,10104.54,80836.33,4975476019.0,102965.27,58778115362,5169483208.0,2955578261.0,92022055459,494819375.9,3586101623.0,13843200000000
Vancomycin,30,Mouse 1,False,47901857.55,272501.42,19464.39,155715.1,4788239316.0,1291851396.0,195033000000,6485533903.0,4397005128.0,151336000000,1597052991.0,11916098006.0,16280000000000
Vancomycin,37,Mouse 1,False,59984802.91,385931.64,27566.55,220532.36,14874907927.0,7859222109.0,369116000000,12528994909.0,10629659927.0,386207000000,2205323636.0,21750004364.0,78647400000000
Vancomycin,44,Mouse 1,False,68476398.77,168335.31,12023.95,7680899654.0,10377871778.0,5268895160.0,216672000000,7809555926.0,6405158494.0,255028000000,2179942247.0,19418680247.0,47867300000000
Vancomycin,49,Mouse 1,True,37214394.46,218632.62,15616.62,31795428923.0,9776001231.0,3652726338.0,213167000000,13161683446.0,3494998523.0,303587000000,1249485397.0,10261677969.0,54049100000000
Vancomycin,53,Mouse 1,True,8101121.46,143400.81,10242.91,3064680.16,147190688.3,104170445.3,260580000000,11123805668.0,165627935.2,388104000000,24511295547.0,216432793.5,73718300000000
Vancomycin,58,Mouse 1,False,405874.44,227289.69,16234.98,129879.82,11560927534.0,319991.41,297912000000,25813614350.0,22306859193.0,249532000000,4450007354.0,29791183857.0,48558800000000
Vancomycin,63,Mouse 1,True,682289.95,246568.38,17612.03,789723.31,29288801718.0,6586898282.0,127300000000,19249946048.0,7419947182.0,388521000000,2074696838.0,24762510653.0,26435700000000
Vancomycin,67,Mouse 1,True,2168304.24,131811.81,9415.13,75321.03,65265675.28,77128738.01,96693376384,11081607011.0,181241236.2,229353000000,11655929889.0,380747822.9,33969800000000
Vancomycin,72,Mouse 1,False,439948.3,195968.06,13997.72,111981.75,10942016654.0,451426.43,154955000000,13913732319.0,5751662586.0,163913000000,3220875057.0,17469152852.0,34476400000000
Vancomycin,79,Mouse 1,False,488812.07,147550.0,10539.29,115089.0,15461132143.0,5173735357.0,190340000000,12668221429.0,2903573214.0,276129000000,4266302857.0,13996171429.0,60474400000000
Vancomycin,0,Mouse 2,True,77573925.73,226115.96,16151.14,26116393485.0,15056092769.0,3852046906.0,245013000000,14545716743.0,15577774593.0,394734000000,43139695114.0,36856901629.0,78478400000000
Vancomycin,4,Mouse 2,True,838370.08,260710.38,18622.17,891443.27,1179900.68,18678036.32,92887383019,4499116226.0,73427215.57,304845000000,38156825943.0,187897693.4,39795600000000
Vancomycin,9,Mouse 2,False,234030.84,100596.61,7185.47,588202.78,5276292454.0,36301.01,31558595205,132571967.6,7501633286.0,35431564880,3708422355.0,8069285614.0,6584770000000
Vancomycin,14,Mouse 2,True,589416.06,330072.99,23576.64,1575862774.0,14612802920.0,4847357664.0,154969000000,5997897810.0,3067321168.0,217542000000,2558065693.0,11566700730.0,36048700000000
Vancomycin,18,Mouse 2,True,723070.43,212623.11,15187.36,147864.18,39183400.91,20123258.22,81404274749,1388277006.0,8837527.51,192576000000,2326704271.0,226899228.5,25909600000000
Vancomycin,23,Mouse 2,False,392568.97,219838.62,15702.76,125622.07,8780982621.0,99602.6,95504177931,6885659655.0,5990602414.0,115290000000,2382108483.0,9768686138.0,19597000000000
Vancomycin,30,Mouse 2,False,25912693.45,206593.23,14756.66,118053.27,8184043160.0,2111677923.0,155092000000,3022163792.0,4226307178.0,136174000000,3602100497.0,9758578691.0,23595900000000
Vancomycin,37,Mouse 2,False,52758895.19,292293.05,20878.07,167024.6,11482941176.0,5346874973.0,202705000000,8833513476.0,6394954332.0,291458000000,1514913112.0,14121929840.0,60337600000000
Vancomycin,44,Mouse 2,False,191058454.6,230190.91,16442.21,10370100455.0,12843008506.0,4700827208.0,211447000000,8607495779.0,8656822403.0,345286000000,2767223571.0,27063874026.0,51447700000000
Vancomycin,49,Mouse 2,True,125962004.0,535195.16,38228.23,52410897581.0,22730503065.0,13888314435.0,267865000000,19159986774.0,10271924274.0,544370000000,2549822661.0,26522743065.0,62464900000000
Vancomycin,53,Mouse 2,True,8812097.28,252134.4,18009.6,1928828.16,73875379.2,27788812.8,206750000000,6778813440.0,149119488.0,331377000000,2730255360.0,231423360.0,46140600000000
Vancomycin,58,Mouse 2,False,448277.29,245247.44,17517.67,140141.4,8504830930.0,177278.87,200928000000,13118986372.0,13238106558.0,170745000000,1853369953.0,25768499070.0,23263500000000
Vancomycin,63,Mouse 2,True,331377.34,163010.64,11643.62,93148.94,38959542553.0,4134648404.0,113025000000,20318111702.0,13553170213.0,439314000000,21598909574.0,58718760638.0,80492300000000
Vancomycin,67,Mouse 2,True,1206121.33,221713.48,15836.68,126693.42,116288720.1,76697027.27,114483000000,14626754984.0,235174655.2,545257000000,2337493542.0,384672887.2,69491300000000
Vancomycin,72,Mouse 2,False,369763.99,207067.83,14790.56,118324.48,12382656364.0,166837.51,149828000000,15825898601.0,7447046678.0,223781000000,5229941818.0,22599974825.0,40319100000000
Vancomycin,79,Mouse 2,False,237362.93,125636.33,8974.02,233504.1,8535194007.0,1898006027.0,178493000000,12913620204.0,6164256927.0,258452000000,8105338268.0,38346003565.0,49357100000000
Vancomycin,0,Mouse 3,True,63612120.0,283080.0,20220.0,41451000000.0,12738600000.0,3558720000.0,171405000000,11102802000.0,10534620000.0,291977000000,19053306000.0,27620520000.0,53077500000000
Vancomycin,4,Mouse 3,True,2597901.92,94029.54,6716.4,546244.48,3630211.96,36711819.79,36604357459,2679170310.0,46974472.67,131171000000,19974561300.0,286319955.7,14023800000000
Vancomycin,9,Mouse 3,False,189896.19,106341.86,7595.85,10975999.52,5709798503.0,33421.73,26555082569,98518140.99,4561306374.0,22711583776,3149997924.0,7618634959.0,5350510000000
Vancomycin,14,Mouse 3,True,405039.27,226821.99,16201.57,574993743.5,15402833246.0,964641518.3,139739000000,5210425131.0,3860834293.0,185022000000,1313623351.0,6752814660.0,25647100000000
Vancomycin,18,Mouse 3,True,579362.79,324443.16,23174.51,241710.16,31007496.64,39049052.19,102709000000,1166604918.0,11969635.29,202105000000,2164731137.0,134342644.3,26279900000000
Vancomycin,23,Mouse 3,False,490025.28,274414.16,19601.01,156808.09,11697883590.0,64663.74,146694000000,15576923742.0,20992683186.0,183250000000,9802465790.0,40632896587.0,36340300000000
Vancomycin,30,Mouse 3,False,28841763.73,253315.37,18093.95,144751.64,6274983476.0,2124230277.0,164239000000,5665217204.0,3092256851.0,161796000000,2297932242.0,8527680831.0,21839400000000
Vancomycin,37,Mouse 3,False,45493384.31,236416.99,16886.93,135095.42,7843978105.0,5442656928.0,201123000000,7700439216.0,6221144314.0,250264000000,2747503203.0,15893976732.0,51927300000000
Vancomycin,44,Mouse 3,False,59026693.69,168441.44,12031.53,10610607658.0,10283350000.0,5866574775.0,177706000000,8441322523.0,7724243243.0,303916000000,3041571171.0,23329139640.0,55669900000000
Vancomycin,49,Mouse 3,True,71859426.82,168260.91,12018.64,26933764091.0,9677406000.0,5199262091.0,264650000000,16092954091.0,5958839909.0,323301000000,2022736500.0,16790035000.0,64960700000000
Vancomycin,53,Mouse 3,True,1565351.1,147475.88,10533.99,1816060.09,82028189.69,27925610.75,131254000000,135677807.0,369743092.1,47034270833,1915079605.0,100083450.7,30053500000000
Vancomycin,58,Mouse 3,False,461141.03,258238.97,18445.64,147565.13,12926705231.0,315420.46,289965000000,27225766154.0,12401004462.0,210465000000,3021396000.0,24034670256.0,34751600000000
Vancomycin,63,Mouse 3,True,424654.88,237806.73,16986.2,135889.56,33938418182.0,6755409865.0,132136000000,25649154882.0,8014086936.0,359937000000,2515655522.0,26719285185.0,37420600000000
Vancomycin,67,Mouse 3,True,483921.64,259276.81,18519.77,148158.17,195568790.9,133286798.1,137232000000,12817534106.0,391693174.9,431325000000,2496465247.0,336689452.5,70097300000000
Vancomycin,72,Mouse 3,False,256583.89,143686.98,10263.36,82106.84,8981462318.0,128805.11,115873000000,13896583223.0,4018103642.0,152103000000,1768376137.0,6786130596.0,23964900000000
Vancomycin,79,Mouse 3,False,346043.26,193784.22,13841.73,110733.84,14340032570.0,8385320204.0,220499000000,25330366412.0,1918463817.0,339538000000,1796656590.0,9303026921.0,67976700000000
Vancomycin,0,Mouse 4,True,30829560.12,98317.5,7022.68,11812145814.0,8090126027.0,1937557093.0,121703000000,6729130868.0,6422942070.0,188278000000,14789761644.0,14698466819.0,33147000000000
Vancomycin,4,Mouse 4,True,1231187.3,120199.6,8585.69,1634714.52,2562827.12,29740814.52,44980406250,2759439315.0,88604274.19,190774000000,18914265121.0,236020494.0,21060700000000
Vancomycin,9,Mouse 4,False,943748.33,187597.28,13399.81,3667526.88,13788400291.0,57029.57,77370479379,665434362.0,10737264483.0,73229939350,5327762834.0,15369577390.0,16843600000000
Vancomycin,14,Mouse 4,True,476722.07,266964.36,19068.88,1208967161.0,20632531037.0,2217711053.0,131938000000,5465141770.0,8235850421.0,214716000000,5301149379.0,23969585503.0,35487200000000
Vancomycin,18,Mouse 4,True,467340.85,261710.88,18693.63,265636.54,97150815.65,20002188.33,146483000000,1797579841.0,13509889.26,222454000000,3056409151.0,200769628.7,30096800000000
Vancomycin,23,Mouse 4,False,505829.6,283264.57,20233.18,161865.47,7678493274.0,208199.46,118809000000,8866181166.0,15021115695.0,124212000000,6585901345.0,28609721973.0,25453300000000
Vancomycin,30,Mouse 4,False,27769700.81,170740.37,12195.74,97565.92,4801462982.0,2779409229.0,132446000000,3819705882.0,2597692698.0,112750000000,3025763185.0,7046698783.0,19635100000000
Vancomycin,37,Mouse 4,False,45850064.69,385757.76,27554.13,220433.0,18450242376.0,13743997756.0,252864000000,14143532574.0,7511254587.0,443621000000,3075040396.0,17361854422.0,76958700000000
Vancomycin,44,Mouse 4,False,46046809.32,263662.71,18833.05,2638510424.0,9013498136.0,4376801017.0,182417000000,10685873051.0,5887211695.0,261591000000,3363582881.0,16170057458.0,40208600000000
Vancomycin,49,Mouse 4,True,46686209.39,212278.96,15162.78,26049661489.0,9000628091.0,3490472686.0,169975000000,13359928252.0,4165216537.0,273688000000,1959031586.0,12512328673.0,43532400000000
Vancomycin,53,Mouse 4,True,4743835.02,146156.89,10439.78,3329245.13,82108852.22,65801919.33,231554000000,8823700178.0,311418571.1,192510000000,23437301111.0,235208193.3,35265600000000
Vancomycin,58,Mouse 4,False,1108572.58,155045.12,11074.65,88597.21,10863125326.0,220164.07,249623000000,14939704419.0,18882280233.0,206210000000,2868334651.0,41851106744.0,35117700000000
Vancomycin,63,Mouse 4,True,1112386.22,252446.22,18031.87,144254.98,16071807968.0,2252180876.0,80836884462,11080585657.0,7203733068.0,201777000000,1623229163.0,36785019920.0,35703100000000
Vancomycin,67,Mouse 4,True,1786212.69,182133.85,13009.56,104076.49,169644671.8,101435545.0,123773000000,13438876227.0,310017832.0,376627000000,3944498811.0,563704266.2,56435500000000
Vancomycin,72,Mouse 4,False,556745.05,311777.23,22269.8,178158.42,8941325495.0,675220.4,185886000000,30865945545.0,15564364604.0,401079000000,4048650000.0,33716480198.0,66631200000000
Vancomycin,79,Mouse 4,False,311450.32,128926.8,9209.06,330236.79,5788813420.0,2967158262.0,168894000000,12211209982.0,1336234214.0,200113000000,2227670961.0,5584372348.0,40289600000000
water,0,Mouse 1,True,25145275.44,115496.67,8249.76,30119882092.0,21284386688.0,16276780983.0,247245000000,10988683360.0,5917554485.0,450190000000,7185542948.0,18702211094.0,150806000000000
water,4,Mouse 1,True,54670427.27,136627.27,9759.09,18864322727.0,11320545455.0,4759508636.0,222702000000,8460155909.0,8908098182.0,299702000000,24348931818.0,26144604545.0,51947600000000
water,9,Mouse 1,False,9478976.69,285880.38,20420.03,38736791866.0,12006976077.0,5129510868.0,236260000000,8466143336.0,973218503.1,393494000000,1779401183.0,5205064969.0,60851700000000
water,14,Mouse 1,True,111195914.8,229168.67,16369.19,34653577453.0,24619263339.0,21001672117.0,228350000000,13697739071.0,10320774957.0,521359000000,36847049053.0,54067438038.0,114617000000000
water,18,Mouse 1,True,58458030.36,133335.36,9523.95,23638454116.0,16181198043.0,5117220547.0,225813000000,8193457726.0,4083871525.0,382577000000,10695400472.0,20124115047.0,64439100000000
water,23,Mouse 1,False,10026146.17,284718.15,20337.01,19135093161.0,5541835356.0,2936664313.0,96417766685,4185356757.0,1351394346.0,146813000000,1985502333.0,6029923607.0,24140000000000
water,30,Mouse 1,False,23609032.68,152316.34,10879.74,27482219608.0,9024743137.0,4972040523.0,129142000000,4981832288.0,2157452157.0,173314000000,1711382876.0,7999871765.0,44672200000000
water,37,Mouse 1,False,105577363.8,277209.88,19800.71,31582125882.0,8294515694.0,3817576094.0,176682000000,8367778306.0,4568022847.0,221570000000,4041324071.0,17860236706.0,41858700000000
water,44,Mouse 1,False,32738597.37,273963.16,19568.8,21662658271.0,17355566053.0,9792226015.0,233064000000,12030896391.0,5128981692.0,421708000000,2692666466.0,23815225940.0,89370700000000
water,49,Mouse 1,True,28366983.26,285916.32,20422.59,27162050209.0,10809679080.0,3667897908.0,197180000000,11604117992.0,4686985356.0,321247000000,3006205858.0,17146810042.0,52179700000000
water,53,Mouse 1,True,87119881.01,178550.48,12753.61,29282278846.0,19755335337.0,20737362981.0,229820000000,12141432692.0,8027119471.0,412324000000,2707590505.0,25519965144.0,124322000000000
water,58,Mouse 1,False,60967561.8,263928.84,18852.06,47639155431.0,11115174532.0,3989095880.0,272224000000,12291543071.0,6287161985.0,362902000000,2567650562.0,21453644195.0,79819600000000
water,63,Mouse 1,True,221702842.7,299887.9,21420.56,42841129032.0,25661836290.0,21283472903.0,133000000000,26497238306.0,21934658065.0,512594000000,67710404435.0,122633000000.0,175799000000000
water,67,Mouse 1,True,105075238.2,165845.92,11846.14,40241328541.0,12035675536.0,6082991524.0,106094000000,14926133047.0,5196900451.0,399333000000,2184427725.0,23253967597.0,68944500000000
water,72,Mouse 1,False,42676094.69,214992.92,15356.64,25015961947.0,14697837434.0,3932834779.0,156791000000,18857950442.0,5520711062.0,411097000000,5618993540.0,24202060177.0,43213600000000
water,79,Mouse 1,False,51371411.91,165029.78,11787.84,50829171216.0,12436172457.0,5772505831.0,173871000000,16550129032.0,2048726799.0,476700000000,4387434491.0,11418881762.0,97308600000000
water,0,Mouse 2,True,40467836.5,265611.68,18972.26,36521605839.0,33713710949.0,32784070073.0,266560000000,14041371679.0,9209136350.0,608440000000,20167515328.0,29843369343.0,121385000000000
water,4,Mouse 2,True,47761239.05,228055.03,16289.64,33051689645.0,14110090473.0,8257221036.0,195964000000,8420117485.0,8763828994.0,389323000000,16859782544.0,28376561538.0,73433700000000
water,9,Mouse 2,False,30223661.3,331867.65,23704.83,83346190684.0,51249847627.0,30911101437.0,379277000000,21950674793.0,7794148890.0,1026180000000,9503267305.0,24581911189.0,151687000000000
water,0,Mouse 3,True,93063434.54,201342.62,14381.62,44539863510.0,31912805014.0,11736836490.0,358821000000,16495713092.0,15920448468.0,726128000000,660404000000.0,55915721448.0,169415000000000
water,4,Mouse 3,True,63017519.88,222004.35,15857.45,28717848137.0,20884266149.0,14677658882.0,225017000000,15186683137.0,11005072671.0,569124000000,30367023292.0,36186708696.0,109940000000000
water,9,Mouse 3,False,15944685.62,192934.83,13781.06,29601715402.0,10782300805.0,3744313815.0,181634000000,9361473590.0,2472322041.0,318894000000,5891402856.0,8739947815.0,38325100000000
water,14,Mouse 3,True,39771588.73,380849.69,27203.55,58596444676.0,10840614301.0,3517418894.0,275572000000,9173036743.0,2304956712.0,448859000000,19398850835.0,14893943111.0,77530100000000
water,18,Mouse 3,True,52849572.8,273326.2,19523.3,37426165886.0,11551936544.0,5528998528.0,170282000000,9052954158.0,3229153802.0,362548000000,14162201739.0,16858369454.0,53044800000000
water,23,Mouse 3,False,23864814.52,226975.14,16212.51,41098712510.0,13227786800.0,4944815509.0,174933000000,9403255722.0,2118975039.0,316306000000,1927667423.0,10651618982.0,55479200000000
water,30,Mouse 3,False,44729361.89,213069.43,15219.25,43268314340.0,16223715472.0,5765050113.0,190393000000,6973458189.0,3027107887.0,338780000000,2252448302.0,13606005283.0,71774000000000
water,37,Mouse 3,False,51505478.11,310273.96,22162.43,20101320414.0,6161154438.0,2965332604.0,127212000000,5593796331.0,2573057663.0,202764000000,4159887367.0,11296188550.0,28833300000000
water,44,Mouse 3,False,25335099.03,229128.8,16366.34,17381056311.0,12502249450.0,4247066019.0,207525000000,8373021100.0,3220896311.0,393611000000,3035956634.0,15364722848.0,66791000000000
water,49,Mouse 3,True,42951017.49,238522.11,17037.29,23749987459.0,16379654191.0,3812946337.0,190477000000,16096835116.0,5992016205.0,526793000000,3552275743.0,27055222442.0,74810800000000
water,53,Mouse 3,True,76514516.13,297556.45,21254.03,59723830645.0,17071238710.0,17360293548.0,244421000000,18958596774.0,5137099597.0,373433000000,2153033468.0,21186019355.0,97726000000000
water,58,Mouse 3,False,78345550.32,386346.5,27596.18,44788597452.0,7878708917.0,6435428790.0,266027000000,11027432866.0,4360196178.0,319012000000,3998686242.0,16786755287.0,38331100000000
water,63,Mouse 3,True,42145632.51,181886.21,12991.87,51642690887.0,12392946626.0,5768391133.0,85070777340,11037894384.0,3084270394.0,350651000000,1756501084.0,16538652956.0,75235900000000
water,67,Mouse 3,True,82876665.12,198235.66,14159.69,47831432558.0,15887172093.0,7864291783.0,101313000000,16510198450.0,4984210853.0,449570000000,2126785426.0,25161768992.0,90692800000000
water,72,Mouse 3,False,65901029.81,209685.09,14977.51,52975441463.0,14574611843.0,6670981518.0,141582000000,16490234959.0,5167239837.0,521816000000,3380423279.0,24982481301.0,52705800000000
water,79,Mouse 3,False,72040131.21,131855.38,9418.24,44859085495.0,9889153846.0,5160254659.0,153517000000,11396072527.0,2494892242.0,343766000000,4169455626.0,17338983077.0,79697200000000
water,0,Mouse 4,True,22423762.67,119275.33,8519.67,14798661000.0,10632544000.0,5045346600.0,134355000000,6491134033.0,6088153800.0,258572000000,10649583333.0,18538794667.0,58930500000000
water,4,Mouse 4,True,68589055.66,223469.11,15962.08,42187776147.0,20782627523.0,9130309480.0,257149000000,13366645382.0,13746542875.0,517012000000,8750411988.0,38468611621.0,89132300000000
water,9,Mouse 4,False,31220297.48,531797.26,37985.52,67614222561.0,29081712805.0,5568676982.0,446710000000,14293950534.0,3859328659.0,672724000000,4087241768.0,12531422485.0,95115700000000
water,14,Mouse 4,True,21060196.72,208222.28,14873.02,47638283968.0,14464012226.0,9609458405.0,176543000000,9016024896.0,1575052848.0,376882000000,2510565824.0,9135009058.0,61068600000000
water,18,Mouse 4,True,45579533.86,668461.63,47747.26,56007535323.0,29020784287.0,31871295676.0,265188000000,17661711267.0,1447219434.0,640291000000,2729233350.0,14997414190.0,140043000000000
water,23,Mouse 4,False,33199309.2,349203.85,24943.13,47541610317.0,12386759540.0,3781378869.0,190690000000,9216487415.0,2748733188.0,342469000000,1441713052.0,11256835643.0,60986000000000
water,30,Mouse 4,False,27405650.96,307928.66,21994.9,27757569427.0,4937856051.0,3336627006.0,165908000000,5006040255.0,1686129376.0,195249000000,1133617376.0,6396118217.0,38975000000000
water,37,Mouse 4,False,55917423.53,331713.53,23693.82,24286169118.0,15282516176.0,6954137206.0,270110000000,13275649324.0,7266895676.0,472218000000,4134572206.0,28408894412.0,114725000000000
water,44,Mouse 4,False,26900479.81,172281.21,12305.8,20587604176.0,15652978190.0,5357945522.0,220397000000,10949701253.0,3091217077.0,440178000000,1327795870.0,14643902552.0,70450700000000
water,49,Mouse 4,True,54038013.7,252177.4,18012.67,23218333219.0,18679140068.0,7570725719.0,231463000000,14822627158.0,8202970479.0,503634000000,4236580274.0,36980014041.0,68394100000000
water,53,Mouse 4,True,81470834.2,168951.52,12067.97,45809996537.0,29494107359.0,22832590476.0,332231000000,33331720346.0,8010715411.0,729991000000,1975525931.0,23544600433.0,144936000000000
water,58,Mouse 4,False,69538143.12,209092.35,14935.17,33275554740.0,7920119694.0,6483356514.0,265398000000,12875608502.0,4623928073.0,300197000000,2453848135.0,17429341284.0,76901200000000
water,63,Mouse 4,True,67039909.44,168381.55,12027.25,31511403433.0,22057982403.0,17559789700.0,81304231760,16765990987.0,3999061695.0,440558000000,1137417337.0,21961764378.0,44921800000000
water,67,Mouse 4,True,81034895.45,177125.45,12651.82,57793505455.0,21115884545.0,14587546364.0,104846000000,19230763636.0,4161183000.0,492662000000,1422064364.0,27163453636.0,118117000000000
water,72,Mouse 4,False,98935573.58,313441.51,22388.68,61367369811.0,14395920755.0,6571077358.0,146400000000,16621355472.0,7157660755.0,463893000000,2525443019.0,30672490566.0,39426500000000
water,79,Mouse 4,False,47660046.09,297609.57,21257.83,43259676087.0,12882242609.0,5677965348.0,171891000000,14064177739.0,1961247035.0,401135000000,3084510565.0,11985162348.0,75146400000000
