Mouse replicate,Mouse,timepoint after AB application,Day,Group,KB1,log10 KB1,YL2,log10 YL2,KB18,log10 KB18,YL27,log10 YL27,YL31,log10 YL31,YL32,log10 YL32,YL44,log10 YL44,YL45,log10 YL45,I46,log10 I46,I48,log10 I48,I49,log10 I49,YL58,log10 YL58,universal,log10 universal
A,1681,TRUE,0,water,25145275.44,7.400456397,115496.67,5.062569463,8249.76,3.916441314,30119882092,10.47885327,21284386688,10.32806114,1.63E+10,1.02E+01,2.47E+11,11.39312752,10988683360,10.04094566,5.92E+09,9.77E+00,4.50E+11,11.65339584,7185542948,9.85645959,1.87E+10,1.03E+01,1.51E+14,14.17841862
B,1682,TRUE,0,water,40467836.5,7.607109987,265611.68,5.424247169,18972.26,4.278119068,36521605839,10.56254987,33713710949,10.52780656,3.28E+10,1.05E+01,2.67E+11,11.42579498,14041371679,10.14740954,9.21E+09,9.96E+00,6.08E+11,11.78421776,20167515328,10.3046524,2.98E+10,1.05E+01,1.21E+14,14.08416502
C,1683,TRUE,0,water,93063434.54,7.968779076,201342.62,5.303935716,14381.62,4.157807809,44539863510,10.64874888,31912805014,10.50396498,1.17E+10,1.01E+01,3.59E+11,11.55487785,16495713092,10.21737109,1.59E+10,1.02E+01,7.26E+11,1.19E+01,6.60E+11,11.8198097,5.59E+10,1.07E+01,1.69E+14,14.22895186
D,1684,TRUE,0,water,22423762.67,7.350708488,119275.33,5.076550627,8519.67,3.930422773,14798661000,10.17022242,10632544000,10.02663719,5.05E+09,9.70E+00,1.34E+11,11.12825383,6491134033,9.812320577,6.09E+09,9.78E+00,2.59E+11,11.41258149,10649583333,10.02733262,1.85E+10,1.03E+01,5.89E+13,13.77034013
A,1686,TRUE,0,Ciprofloxacin,58520384.27,7.767307169,149150.81,5.173625616,10653.63,4.02749761,21456408871,10.33155704,13956254032,10.14476887,3.52E+09,9.55E+00,2.29E+11,11.36013881,7647174919,9.883501024,1.26E+10,1.01E+01,3.00E+11,11.47759293,33292590726,10.52234759,3.55E+10,1.06E+01,5.79E+13,13.76301672
B,1687,TRUE,0,Ciprofloxacin,36561379.06,7.563022569,155864.59,5.192747461,11133.18,4.046619231,19883868151,10.29850087,14462007127,10.16022857,4.32E+09,9.64E+00,1.85E+11,11.26672782,7434740846,9.871265835,1.22E+10,1.01E+01,3.16E+11,11.50024334,15040932739,10.17727477,2.88E+10,1.05E+01,6.47E+13,13.81116934
C,1688,TRUE,0,Ciprofloxacin,75281827.34,7.876690152,264146.76,5.421845288,18867.63,4.275717351,48376592806,10.68463528,19641198561,10.29316799,1.86E+10,1.03E+01,2.24E+11,11.35053293,12113015827,10.08325228,1.75E+10,1.02E+01,5.25E+11,11.72023044,25169412950,10.40087309,4.03E+10,1.06E+01,1.13E+14,14.05357779
D,1689,TRUE,0,Ciprofloxacin,48226128.31,7.683282397,216468.67,5.335395049,15462.05,4.189267073,47483950000,10.67654684,17920513855,10.25335046,1.60E+10,1.02E+01,2.25E+11,11.35242758,8573705723,9.933168573,1.21E+10,1.01E+01,4.32E+11,11.6350271,5407078253,9.732962655,2.42E+10,1.04E+01,8.33E+13,13.92069453
A,1691,TRUE,0,Tetracyclin,38272199.64,7.582883423,135237.45,5.131096973,9659.82,3.984969034,32283112364,10.5089754,8508367855,9.929846258,2.19E+09,9.34E+00,1.19E+11,11.0766368,8203117600,9.913978938,7.39E+09,9.87E+00,2.31E+11,11.36354805,15281832364,10.18417543,1.56E+10,1.02E+01,3.73E+13,13.57144328
B,1692,TRUE,0,Tetracyclin,59379994.86,7.773640156,209558.84,5.321305986,14968.49,4.175177992,44980308682,10.65302243,11706855048,10.06844024,6.18E+09,9.79E+00,2.23E+11,11.34865527,9368777106,9.971682907,1.14E+10,1.01E+01,3.29E+11,11.51700841,16300684244,10.21220583,2.36E+10,1.04E+01,6.14E+13,13.78849079
C,1693,TRUE,0,Tetracyclin,91980684.92,7.963696639,219524.31,5.341482621,15680.31,4.195354644,31078369846,10.49245823,22563962769,10.35341537,5.15E+09,9.71E+00,3.71E+11,11.56881869,14466651877,10.16036803,1.75E+10,1.02E+01,5.41E+11,1.17E+01,2.12E+11,11.3269725,3.75E+10,1.06E+01,9.57E+13,13.98082661
D,1694,TRUE,0,Tetracyclin,59203766.04,7.772349334,259747.01,5.414550557,18553.36,4.268422571,34193839179,10.53394786,12718327052,10.10442999,7.29E+09,9.86E+00,2.43E+11,11.38536136,9491898060,9.977353065,1.15E+10,1.01E+01,3.92E+11,11.59332152,10590256866,10.02490649,2.90E+10,1.05E+01,8.31E+13,13.91970031
A,1696,TRUE,0,Vancomycin,41097151.87,7.613811725,162301.87,5.210323524,11592.99,4.064195461,15615758411,10.19356308,8622866449,9.93565166,2.95E+09,9.47E+00,1.42E+11,11.15126563,7652533131,9.883805219,7.88E+09,9.90E+00,1.95E+11,11.29027953,22919342523,10.36020216,1.85E+10,1.03E+01,4.16E+13,13.61904844
B,1697,TRUE,0,Vancomycin,77573925.73,7.88971577,226115.96,5.354331217,16151.14,4.208203182,26116393485,10.4169132,15056092769,10.17771228,3.85E+09,9.59E+00,2.45E+11,11.38918913,14545716743,10.16273513,1.56E+10,1.02E+01,3.95E+11,11.59630454,43139695114,10.63487707,3.69E+10,1.06E+01,7.85E+13,13.89475014
C,1698,TRUE,0,Vancomycin,63612120,7.80353987,283080,5.451909187,20220,4.305781151,41451000000,10.61753501,12738600000,10.1051217,3.56E+09,9.55E+00,1.71E+11,11.23402349,11102802000,10.04543259,1.05E+10,1.00E+01,2.92E+11,11.46534864,19053306000,10.27997034,2.76E+10,1.04E+01,5.31E+13,13.72491046
D,1699,TRUE,0,Vancomycin,30829560.12,7.488967328,98317.5,4.992630827,7022.68,3.84650288,11812145814,10.0723288,8090126027,9.907955287,1.94E+09,9.29E+00,1.22E+11,11.08530128,6729130868,9.827958975,6.42E+09,9.81E+00,1.88E+11,11.27479958,14789761644,10.16996117,1.47E+10,1.02E+01,3.31E+13,13.52044423
A,1681,TRUE,4,water,54670427.27,7.737752468,136627.27,5.135537391,9759.09,3.989409323,18864322727,10.27564122,11320545455,10.05386735,4.76E+09,9.68E+00,2.23E+11,11.34772412,8460155909,9.927378367,8.91E+09,9.95E+00,3.00E+11,11.47668964,24348931818,10.38647991,2.61E+10,1.04E+01,5.19E+13,13.71556549
B,1682,TRUE,4,water,47761239.05,7.679075585,228055.03,5.358039656,16289.64,4.211911487,33051689645,10.51919367,14110090473,10.1495298,8.26E+09,9.92E+00,1.96E+11,11.2921763,8420117485,9.925318151,8.76E+09,9.94E+00,3.89E+11,11.59031006,16859782544,10.22685197,2.84E+10,1.05E+01,7.34E+13,13.86589541
C,1683,TRUE,4,water,63017519.88,7.799461307,222004.35,5.346361484,15857.45,4.200233351,28717848137,10.45815189,20884266149,10.31981922,1.47E+10,1.02E+01,2.25E+11,11.35221533,15186683137,10.18146293,1.10E+10,1.00E+01,5.69E+11,11.7552069,30367023292,10.48240222,3.62E+10,1.06E+01,1.10E+14,14.04115573
D,1684,TRUE,4,water,68589055.66,7.836254823,223469.11,5.349217499,15962.08,4.203089483,42187776147,10.62518663,20782627523,10.31770045,9.13E+09,9.96E+00,2.57E+11,11.41018484,13366645382,10.12602243,1.37E+10,1.01E+01,5.17E+11,11.71350062,8750411988,9.942028501,3.85E+10,1.06E+01,8.91E+13,13.95003511
A,1686,TRUE,4,Ciprofloxacin,242098.12,5.383991417,135574.95,5.132179453,9683.92,3.986051193,13538126931,10.13155858,9993810438,9.999731108,5.10E+09,9.71E+00,1.21E+11,11.08157052,3808687641,9.580775357,2.76E+09,9.44E+00,1.74E+11,11.24035702,5453018079,9.736636938,1.34E+10,1.01E+01,3.44E+13,13.5370127
B,1687,TRUE,4,Ciprofloxacin,4337162.23,6.637205667,189277.65,5.277099335,13519.83,4.130971231,24416817318,10.38768905,14763656983,10.16919395,4.26E+09,9.63E+00,1.89E+11,11.27554629,6868074860,9.83683502,3.60E+09,9.56E+00,3.65E+11,11.56217386,8426911536,9.925668435,1.78E+10,1.02E+01,7.47E+13,13.87346069
C,1688,TRUE,4,Ciprofloxacin,262039.34,5.418366497,146742.03,5.166554523,10481.57,4.020426339,20449549896,10.31068375,10513018219,10.02172742,3.73E+09,9.57E+00,2.18E+11,11.33890649,7504806625,9.875339506,6.36E+09,9.80E+00,3.16E+11,11.49913699,8136845507,9.91045607,2.84E+10,1.05E+01,6.46E+13,13.81000724
D,1689,TRUE,4,Ciprofloxacin,488798.83,5.689130158,273727.34,5.437318177,19551.95,4.291190078,42329978516,10.62664805,20412239063,10.30989065,6.79E+09,9.83E+00,3.46E+11,11.5394086,12096793398,10.08267026,9.94E+09,1.00E+01,5.23E+11,11.71818935,11705754336,10.06839941,4.56E+10,1.07E+01,9.60E+13,13.98218301
A,1691,TRUE,4,Tetracyclin,9737133.87,6.988431141,175263.4,5.243691232,12518.81,4.097563048,20393148711,10.30948429,23961010.82,7.379505135,1.90E+06,6.28E+00,29919966495,10.4759611,25037.63,4.398593217,1.53E+08,8.18E+00,3.66E+11,11.56368869,815100007.7,8.911210897,4.36E+08,8.64E+00,4.08E+13,13.61091449
B,1692,TRUE,4,Tetracyclin,9124604.41,6.960214045,178314.44,5.251186514,12736.75,4.105058624,15678933596,10.19531652,33217432.02,7.521366055,7.82E+06,6.89E+00,70026626247,10.8452632,197419.55,5.295390158,1.31E+08,8.12E+00,3.77E+11,11.57679039,3903812467,9.591488947,4.20E+08,8.62E+00,4.75E+13,13.67711673
C,1693,TRUE,4,Tetracyclin,10383288.26,7.016334911,248701.52,5.39567844,17764.39,4.249550299,24497099242,10.38911466,26913056.82,7.429963028,8.10E+06,6.91E+00,56188778030,10.74964959,35528.79,4.550580417,2.40E+08,8.38E+00,4.30E+11,11.63318658,2142385909,9.330897703,8.27E+08,8.92E+00,4.69E+13,13.67082545
D,1694,TRUE,4,Tetracyclin,1161848.87,6.06514964,80048.64,4.903353958,5717.76,3.757225922,8925423643,9.950628839,1154987.56,6.062577307,2.32E+06,6.36E+00,9337102376,9.970212121,11435.52,4.058255918,5.92E+07,7.77E+00,1.83E+11,11.26183362,892542364.3,8.950628839,2.36E+08,8.37E+00,2.04E+13,13.30867537
A,1696,TRUE,4,Vancomycin,5441004,6.735679045,212184,5.326712632,15156,4.180584597,1432242,6.156016405,5171227.2,6.713593619,8.45E+07,7.93E+00,1.89E+11,11.27749461,27826416000,10.44445727,2.14E+08,8.33E+00,4.52E+11,1.17E+01,4.72E+11,11.67362444,8.59E+08,8.93E+00,6.45E+13,13.80938192
B,1697,TRUE,4,Vancomycin,838370.08,5.923435771,260710.38,5.416158323,18622.17,4.270030287,891443.27,5.950093711,1179900.68,6.071845451,1.87E+07,7.27E+00,92887383019,10.96795673,4499116226,9.653127212,7.34E+07,7.87E+00,3.05E+11,11.48407908,38156825943,10.58157224,1.88E+08,8.27E+00,3.98E+13,13.59983506
C,1698,TRUE,4,Vancomycin,2597901.92,6.414622751,94029.54,4.973264312,6716.4,3.827136553,546244.48,5.737387061,3630211.96,6.559931983,3.67E+07,7.56E+00,36604357459,10.56353279,2679170310,9.428000322,4.70E+07,7.67E+00,1.31E+11,11.11783783,19974561300,10.30047725,2.86E+08,8.46E+00,1.40E+13,13.14686571
D,1699,TRUE,4,Vancomycin,1231187.3,6.090324127,120199.6,5.079903022,8585.69,3.933775204,1634714.52,6.21344192,2562827.12,6.408719311,2.97E+07,7.47E+00,44980406250,10.65302337,2759439315,9.440820848,8.86E+07,7.95E+00,1.91E+11,11.28051919,18914265121,10.27678947,2.36E+08,8.37E+00,2.11E+13,13.3234728
A,1681,FALSE,9,water,9478976.69,6.976761455,285880.38,5.456184351,20420.03,4.310056376,38736791866,10.58812365,12006976077,10.07943365,5.13E+09,9.71E+00,2.36E+11,11.3733902,8466143336,9.927685617,9.73E+08,8.99E+00,3.93E+11,11.59493811,1779401183,9.250273875,5.21E+09,9.72E+00,6.09E+13,13.78427272
B,1682,FALSE,9,water,30223661.3,7.480347074,331867.65,5.52096492,23704.83,4.374836845,83346190684,10.92088576,51249847627,10.70969258,3.09E+10,1.05E+01,3.79E+11,11.57895651,21950674793,10.34144788,7.79E+09,9.89E+00,1.03E+12,12.01122355,9503267305,9.977872945,2.46E+10,1.04E+01,1.52E+14,14.18094836
C,1683,FALSE,9,water,15944685.62,7.202615961,192934.83,5.285410637,13781.06,4.139282624,29601715402,10.47131688,10782300805,10.03271144,3.74E+09,9.57E+00,1.82E+11,11.25919715,9361473590,9.971344216,2.47E+09,9.39E+00,3.19E+11,11.50364635,5891402856,9.770218721,8.74E+09,9.94E+00,3.83E+13,13.5834833
D,1684,FALSE,9,water,31220297.48,7.494437037,531797.26,5.725746095,37985.52,4.579618076,67614222561,10.83003806,29081712805,10.46361998,5.57E+09,9.75E+00,4.47E+11,11.65002567,14293950534,10.15515227,3.86E+09,9.59E+00,6.73E+11,11.82783692,4087241768,9.611430328,1.25E+10,1.01E+01,9.51E+13,13.97825221
A,1686,FALSE,9,Ciprofloxacin,24788550.72,7.394251136,157031.54,5.19598689,11216.54,4.049858909,37093093777,10.56929306,12338192668,10.09125155,4.33E+09,9.64E+00,1.89E+11,11.27568443,12192377664,10.08608841,4.47E+09,9.65E+00,3.02E+11,11.4799336,6825263853,9.834119445,1.32E+10,1.01E+01,8.07E+13,13.90670829
B,1687,FALSE,9,Ciprofloxacin,30534319.21,7.484788241,175773.22,5.244952709,12555.23,4.098824673,34162780658,10.53355321,8432092426,9.925935358,3.82E+09,9.58E+00,1.46E+11,11.16290776,8183498873,9.912939027,2.31E+09,9.36E+00,2.27E+11,11.35650389,8222420086,9.914999661,9.61E+09,9.98E+00,5.43E+13,13.7345094
C,1688,FALSE,9,Ciprofloxacin,74984996.97,7.874974378,225518.79,5.353182733,16108.48,4.207054562,36211873939,10.558851,10499510424,10.02116905,6.45E+09,9.81E+00,2.09E+11,11.31932471,8878996848,9.948363902,5.05E+09,9.70E+00,3.61E+11,11.55769002,13063981212,10.11607555,1.72E+10,1.02E+01,7.11E+13,13.85168998
D,1689,FALSE,9,Ciprofloxacin,76033536.4,7.88100519,193751.28,5.28724458,13839.38,4.141116634,43248052646,10.63596656,11946150094,10.07722797,5.35E+09,9.73E+00,1.97E+11,11.29340455,6399327854,9.806134361,4.47E+09,9.65E+00,2.87E+11,11.45729588,7495406500,9.874795191,1.68E+10,1.02E+01,5.77E+13,13.76146098
A,1691,FALSE,9,Tetracyclin,145510917.1,8.162895578,199135.17,5.299147969,14223.94,4.153019912,2645653.04,6.422532889,398270349.9,8.600177976,1.05E+09,9.02E+00,37224053775,10.57082367,181213009.2,8.258189372,6.64E+09,9.82E+00,90549608840,10.95688658,7837391529,9.894171543,1.68E+10,1.02E+01,1.80E+13,13.25407897
B,1692,FALSE,9,Tetracyclin,177273458.8,8.248643718,147903.96,5.169979802,10564.57,4.023851825,52157274.5,7.717314889,4270198572,9.630448071,3.44E+09,9.54E+00,1.38E+11,11.13979411,1427273199,9.154507111,8.07E+09,9.91E+00,2.82E+11,11.45019982,5526325762,9.742436482,1.94E+10,1.03E+01,4.37E+13,13.64022198
C,1693,FALSE,9,Tetracyclin,71985990.03,7.857247982,174602.19,5.242049687,12471.59,4.095921825,16387663.01,7.214517025,3180254237,9.50246184,1.88E+09,9.28E+00,71225223330,10.85263382,1741033300,9.240807078,3.26E+09,9.51E+00,1.76E+11,11.2451399,2026632602,9.306775025,1.01E+10,1.00E+01,2.87E+13,13.45746102
D,1694,FALSE,9,Tetracyclin,205900527.7,8.31365746,296442.55,5.47194054,21174.47,4.325812549,8495196.6,6.929173434,4383114894,9.641782855,3.70E+09,9.57E+00,1.24E+11,11.09400619,1310911319,9.117573313,1.09E+10,1.00E+01,3.43E+11,11.53559536,7402594043,9.869383933,2.13E+10,1.03E+01,5.72E+13,13.75765865
A,1696,FALSE,9,Vancomycin,960498.45,5.982496668,154936.95,5.190155002,11066.93,4.044027163,22277720.66,7.347870754,9797548982,9.991117443,4.50E+04,4.65E+00,39796663434,10.59984666,229085354,8.359997325,1.74E+10,1.02E+01,31109127061,10.49288782,13158574200,10.11920883,1.84E+10,1.03E+01,1.04E+13,13.01548969
B,1697,FALSE,9,Vancomycin,234030.84,5.369273091,100596.61,5.002583346,7185.47,3.856455181,588202.78,5.769527073,5276292454,9.72232886,3.63E+04,4.56E+00,31558595205,10.49911766,132571967.6,8.122451702,7.50E+09,9.88E+00,35431564880,10.54939033,3708422355,9.56918919,8.07E+09,9.91E+00,6.58E+12,12.81854061
C,1698,FALSE,9,Vancomycin,189896.19,5.278516251,106341.86,5.026704252,7595.85,3.88057638,10975999.52,7.040444079,5709798503,9.756620782,3.34E+04,4.52E+00,26555082569,10.42414766,98518140.99,7.993516208,4.56E+09,9.66E+00,22711583776,10.35624742,3149997924,9.498310268,7.62E+09,9.88E+00,5.35E+12,12.72839518
D,1699,FALSE,9,Vancomycin,943748.33,5.974856196,187597.28,5.273226537,13399.81,4.12709864,3667526.88,6.564373306,13788400291,10.13951388,5.70E+04,4.76E+00,77370479379,10.88857529,665434362,8.823105223,1.07E+10,1.00E+01,73229939350,10.86468867,5327762834,9.726544884,1.54E+10,1.02E+01,1.68E+13,13.22643492
A,1681,TRUE,14,water,111195914.8,8.046088832,229168.67,5.360155244,16369.19,4.21402719,34653577453,10.53974808,24619263339,10.39127505,2.10E+10,1.03E+01,2.28E+11,11.35860102,13697739071,10.13664889,1.03E+10,1.00E+01,5.21E+11,11.71713687,36847049053,10.56640271,5.41E+10,1.07E+01,1.15E+14,14.05924904
C,1683,TRUE,14,water,39771588.73,7.59957294,380849.69,5.580753606,27203.55,4.434625582,58596444676,10.76787127,10840614301,10.03505389,3.52E+09,9.55E+00,2.76E+11,11.44023509,9173036743,9.962513133,2.30E+09,9.36E+00,4.49E+11,11.65210994,19398850835,10.287776,1.49E+10,1.02E+01,7.75E+13,13.88947034
D,1684,TRUE,14,water,21060196.72,7.323462424,208222.28,5.318527198,14873.02,4.172399162,47638283968,10.67795611,14464012226,10.16028878,9.61E+09,9.98E+00,1.77E+11,11.2468505,9016024896,9.955015102,1.58E+09,9.20E+00,3.77E+11,11.5762054,2510565824,9.399771613,9.14E+09,9.96E+00,6.11E+13,13.78581796
A,1686,TRUE,14,Ciprofloxacin,89588080.93,7.952250234,185263.39,5.267789607,13233.1,4.12E+00,34816283741,10.54178241,16475208384,10.21683092,5.92E+09,9.77E+00,2.03E+11,11.30720284,9763380519,9.989600216,5.05E+09,9.70E+00,2.32E+11,11.36469917,17997014781,10.25520047,1.82E+10,1.03E+01,4.52E+13,13.65492508
B,1687,TRUE,14,Ciprofloxacin,77473810.78,7.889154919,176048.26,5.245631737,12574.88,4.099503849,44162964366,10.64505822,13027571493,10.11486347,4.39E+09,9.64E+00,2.82E+11,11.44994561,9587085431,9.981686597,4.30E+09,9.63E+00,2.74E+11,11.43716212,11849305616,10.0736929,1.67E+10,1.02E+01,5.63E+13,13.75039344
C,1688,TRUE,14,Ciprofloxacin,40752601.91,7.610155342,173047.14,5.238164426,12360.51,4.09203639,34967883170,10.54366934,9443429743,9.975129754,3.66E+09,9.56E+00,1.48E+11,11.17049347,8078829424,9.907348439,2.36E+09,9.37E+00,2.31E+11,11.36387887,5143208267,9.711234111,1.09E+10,1.00E+01,4.09E+13,13.61120801
D,1689,TRUE,14,Ciprofloxacin,105139820.5,8.021767231,155237.03,5.190995325,11088.36,4.044867318,26101997195,10.41667374,15423907433,10.18819441,6.65E+09,9.82E+00,2.25E+11,11.35129178,9027033100,9.955545035,6.95E+09,9.84E+00,3.78E+11,11.57711249,2747695372,9.438968582,2.23E+10,1.03E+01,5.92E+13,13.77224614
A,1691,TRUE,14,Tetracyclin,112994362.7,8.053056777,277822.46,5.443767352,19844.46,4.297639286,69197636571,10.84009126,25242154780,10.40212643,7.59E+09,9.88E+00,3.31E+11,11.51983587,11863018968,10.07419522,1.02E+10,1.00E+01,4.51E+11,11.65404749,3782354325,9.57776221,3.58E+10,1.06E+01,9.49E+13,13.97743047
B,1692,TRUE,14,Tetracyclin,118574103.1,8.073989848,291234.64,5.46424303,20802.47,4.318114904,47096801649,10.67299142,15112997526,10.17935061,4.91E+09,9.69E+00,2.10E+11,11.32157565,8805687340,9.944763261,8.53E+09,9.93E+00,2.73E+11,11.43571699,12138243711,10.08415585,2.68E+10,1.04E+01,6.10E+13,13.78498226
C,1693,TRUE,14,Tetracyclin,97657493.65,7.989705574,204487.72,5.310667233,14606.27,4.164539324,38881879763,10.58974725,20156646909,10.30441829,6.26E+09,9.80E+00,2.22E+11,11.34552468,7224259102,9.858793314,1.01E+10,1.00E+01,2.98E+11,11.47480755,10339775614,10.01451111,2.80E+10,1.04E+01,5.99E+13,13.77774644
D,1694,TRUE,14,Tetracyclin,60880971.64,7.784481575,136789.22,5.136051873,9770.66,3.989923901,32653539916,10.51393027,23713387605,10.3749936,6.48E+09,9.81E+00,3.15E+11,11.49818369,9713988445,9.987397583,9.46E+09,9.98E+00,4.62E+11,11.66441725,12701855742,10.10386718,2.53E+10,1.04E+01,6.74E+13,13.82871015
A,1696,TRUE,14,Vancomycin,357199.58,5.55291094,200031.77,5.301098978,14287.98,4.154970834,9344341025,9.97054868,21174791130,10.32581914,9.84E+08,8.99E+00,1.38E+11,11.1391389,6648198592,9.822703984,6.89E+09,9.84E+00,1.83E+11,11.26150077,8277028678,9.91787446,1.82E+10,1.03E+01,3.00E+13,13.47719074
B,1697,TRUE,14,Vancomycin,589416.06,5.770421965,330072.99,5.518609987,23576.64,4.372481912,1575862774,9.197518396,14612802920,10.16473353,4.85E+09,9.69E+00,1.55E+11,11.19024483,5997897810,9.777999062,3.07E+09,9.49E+00,2.18E+11,11.33754312,2558065693,9.407911693,1.16E+10,1.01E+01,3.60E+13,13.55688961
C,1698,TRUE,14,Vancomycin,405039.27,5.607497132,226821.99,5.355685156,16201.57,4.209557102,574993743.5,8.759663119,15402833246,10.18760061,9.65E+08,8.98E+00,1.40E+11,11.14531763,5210425131,9.71687316,3.86E+09,9.59E+00,1.85E+11,11.26722337,1313623351,9.11847086,6.75E+09,9.83E+00,2.56E+13,13.40903827
D,1699,TRUE,14,Vancomycin,476722.07,5.678265258,266964.36,5.426453287,19068.88,4.280325186,1208967161,9.082414504,20632531037,10.31455251,2.22E+09,9.35E+00,1.32E+11,11.1203699,5465141770,9.737601432,8.24E+09,9.92E+00,2.15E+11,11.33186441,5301149379,9.724370042,2.40E+10,1.04E+01,3.55E+13,13.55007173
A,1681,TRUE,18,water,58458030.36,7.766844178,133335.36,5.124945338,9523.95,3.978817107,23638454116,10.37361907,16181198043,10.20901067,5.12E+09,9.71E+00,2.26E+11,11.35374894,8193457726,9.913467217,4.08E+09,9.61E+00,3.83E+11,11.58271886,10695400472,10.02919705,2.01E+10,1.03E+01,6.44E+13,13.80914947
C,1683,TRUE,18,water,52849572.8,7.723041481,273326.2,5.436681263,19523.3,4.290553228,37426165886,10.57317534,11551936544,10.06265479,5528998528,9.74E+00,1.70E+11,11.23116874,9052954158,9.956790321,3229153802,9.51E+00,3.63E+11,11.55936551,14162201739,10.15113078,16858369454,1.02E+01,5.30E+13,13.72464282
D,1684,TRUE,18,water,45579533.86,7.658769879,668461.63,5.825076484,47747.26,4.678948454,56007535323,10.74824646,29020784287,10.46270915,31871295676,1.05E+01,2.65E+11,11.42355387,17661711267,10.24703278,1447219434,9.16E+00,6.40E+11,11.8063774,2729233350,9.43604067,14997414190,1.02E+01,1.40E+14,14.14626141
A,1686,TRUE,18,Ciprofloxacin,5055840.51,6.703793365,230860.3,5.363349256,16490.02,4.217221182,33639643312,10.52685138,10237005180,10.01017292,4234637452,9.63E+00,2.78E+11,11.44330524,14408980552,10.15863326,4038406200,9.61E+00,2.71E+11,11.43259413,3149594055,9.498254582,16852801699,1.02E+01,4.98E+13,13.69751529
B,1687,TRUE,18,Ciprofloxacin,13035459.32,7.115126339,337331.66,5.528057103,24095.12,4.381929094,45708440551,10.6599964,17167772215,10.23471394,5214183730,9.72E+00,3.06E+11,11.48504817,15310038548,10.18497628,3156460576,9.50E+00,3.56E+11,11.55189748,6071969962,9.783329614,16242519650,1.02E+01,5.62E+13,13.74984372
C,1688,TRUE,18,Ciprofloxacin,2510395.97,6.399742229,321551.18,5.507250108,22967.94,4.361122045,45315747941,10.65624915,10565252941,10.0238799,13512039794,1.01E+01,3.49E+11,11.54296602,14506551647,10.16156419,2071019256,9.32E+00,3.08E+11,11.48887491,1096948871,9.040186385,9267564265,9.97E+00,6.50E+13,13.81306166
D,1689,TRUE,18,Ciprofloxacin,28631575.65,7.456845249,550229.32,5.740543729,39302.09,4.594415646,57381057592,10.75876855,17457990262,10.24199425,4169952199,9.62E+00,3.38E+11,11.52845904,15186329215,10.18145281,9837314188,9.99E+00,3.64E+11,11.56097967,2457559953,9.390504121,64298226178,1.08E+01,6.31E+13,13.799891
A,1691,TRUE,18,Tetracyclin,1847287465,9.266534483,486952.07,5.687486216,34782.29,4.541358172,98155624695,10.99191519,141807399.7,8.151698894,18998087.25,7.28E+00,7.89E+11,11.89700104,572864329.8,8.758051781,98538229.89,7.99E+00,2.66E+12,12.42445203,377735678.3,8.577188007,1252858115,9.10E+00,2.41E+14,14.3826545
B,1692,TRUE,18,Tetracyclin,2827454114,9.451395566,436720.63,5.640203708,31194.33,4.494075662,30086931742,10.4783779,47758519.96,7.67905086,4716582.77,6.67E+00,3.04E+11,11.48259063,475401596.4,8.677060636,177121408.4,8.25E+00,6.36E+11,11.8037056,370276702.7,8.568526388,735874255.9,8.87E+00,7.23E+13,13.85918935
C,1693,TRUE,18,Tetracyclin,405255715.8,8.607729149,388867.72,5.589801894,27776.27,4.443673925,27970699510,10.44670333,72107185.63,7.857978545,5130276.27,6.71E+00,95272591181,10.97896798,55552.53,4.744703843,63607648.34,7.80E+00,5.17E+11,11.71388686,490251088.7,8.690418567,561080566.1,8.75E+00,5.30E+13,13.72402423
D,1694,TRUE,18,Tetracyclin,2133260184,9.329043828,304254.71,5.48323731,21732.48,4.337109289,50484549783,10.70315849,24992351.38,7.397807118,3405479.53,6.53E+00,3.87E+11,11.5882605,1050765.38,6.021505755,168426715.8,8.23E+00,9.66E+11,11.98498117,447037102.5,8.65034357,867560580,8.94E+00,1.22E+14,14.08746197
A,1696,TRUE,18,Vancomycin,807761.69,5.907283252,452346.55,5.655471282,32310.47,4.509343275,335705.76,5.525958793,58158841.87,7.76461575,28384745.88,7.45E+00,1.59E+11,11.20262997,2054299537,9.312663768,22365305.75,7.35E+00,2.77E+11,11.44262869,3017151474,9.479597114,203362083.7,8.31E+00,4.89E+13,13.68918184
B,1697,TRUE,18,Vancomycin,723070.43,5.859180601,212623.11,5.327610466,15187.36,4.181482288,147864.18,5.169862979,39183400.91,7.593102128,20123258.22,7.30E+00,81404274749,10.91064721,1388277006,9.142476131,8837527.51,6.95E+00,1.93E+11,11.28460216,2326704271,9.366741187,226899228.5,8.36E+00,2.59E+13,13.41346071
C,1698,TRUE,18,Vancomycin,579362.79,5.762950599,324443.16,5.511138623,23174.51,4.36501056,241710.16,5.383294906,31007496.64,7.491466705,39049052.19,7.59E+00,1.03E+11,11.0116085,1166604918,9.066923803,11969635.29,7.08E+00,2.02E+11,11.30557706,2164731137,9.335403964,134342644.3,8.13E+00,2.63E+13,13.41962371
D,1699,TRUE,18,Vancomycin,467340.85,5.669633744,261710.88,5.417821778,18693.63,4.271693643,265636.54,5.424287815,97150815.65,7.987446451,20002188.33,7.30E+00,1.46E+11,11.16578723,1797579841,9.254688189,13509889.26,7.13E+00,2.22E+11,11.34724022,3056409151,9.485211491,200769628.7,8.30E+00,3.01E+13,13.47852032
A,1681,FALSE,23,water,10026146.17,7.001134032,284718.15,5.454415153,20337.01,4.308287102,19135093161,10.28183058,5541835356,9.743653619,2936664313,9.47E+00,96417766685,10.98415707,4185356757,9.621732483,1351394346,9.13E+00,1.47E+11,11.16676451,1985502333,9.297870402,6029923607,9.78E+00,2.41E+13,13.38273727
C,1683,FALSE,23,water,23864814.52,7.377758063,226975.14,5.355978293,16212.51,4.209850257,41098712510,10.61382822,13227786800,10.12148719,4944815509,9.69E+00,1.75E+11,11.24287174,9403255722,9.973278247,2118975039,9.33E+00,3.16E+11,11.50010743,1927667423,9.285032108,10651618982,1.00E+01,5.55E+13,13.74413019
D,1684,FALSE,23,water,33199309.2,7.521129047,349203.85,5.543079023,24943.13,4.39695095,47541610317,10.67707389,12386759540,10.09295771,3781378869,9.58E+00,1.91E+11,11.28032792,9216487415,9.964565434,2748733188,9.44E+00,3.42E+11,11.53462127,1441713052,9.15887883,11256835643,1.01E+01,6.10E+13,13.78523015
A,1686,FALSE,23,Ciprofloxacin,82314704.35,7.915477423,648512.02,5.81191803,46322.29,4.665790021,46785510071,10.67011137,7601487329,9.880898576,3574227680,9.55E+00,2.31E+11,11.36432582,12831273554,10.10826976,7119735543,9.85E+00,2.83E+11,11.45176035,7003929825,9.845341786,21794636127,1.03E+01,5.11E+13,13.70836565
B,1687,FALSE,23,Ciprofloxacin,36401930.45,7.561124416,323367.4,5.509696235,23097.67,4.363568172,27255252495,10.43545021,4450921318,9.648449917,2061467191,9.31E+00,1.58E+11,11.19849763,8855647294,9.947220311,2776340127,9.44E+00,1.69E+11,11.22778133,4055951134,9.608092714,13870151799,1.01E+01,3.13E+13,13.49550687
C,1688,FALSE,23,Ciprofloxacin,74507644.51,7.872200834,326276.83,5.513586234,23305.49,4.367458238,25705953049,10.41003371,5437170305,9.735372936,3905999756,9.59E+00,1.26E+11,11.10097676,7096521037,9.851045495,2836277866,9.45E+00,1.82E+11,11.26055314,1493648713,9.174248469,9401433780,9.97E+00,3.90E+13,13.59095435
D,1689,FALSE,23,Ciprofloxacin,37259674.28,7.571239054,439456.98,5.642916367,31389.78,4.496788272,30065135661,10.47806317,6714274919,9.82699912,3685160708,9.57E+00,1.25E+11,11.09765289,5643883266,9.751578023,2426116449,9.38E+00,1.74E+11,11.24021966,685238997.2,8.835842071,9887782139,1.00E+01,3.81E+13,13.58136475
A,1691,FALSE,23,Tetracyclin,170271745.5,8.231142588,291775.33,5.465048569,20841.09,4.318920429,4480835407,9.651358991,83364.38,4.920980525,601057177.4,8.78E+00,80279897618,10.90460681,195822927.8,8.29186354,6429477782,9.8081757,79112796303,10.89824674,1282352570,9.108007447,18873695556,1.03E+01,2.05E+13,13.31209269
B,1692,FALSE,23,Tetracyclin,106935754.7,8.029122939,239843.09,5.379927211,17131.65,4.233799193,11205811780,10.04944332,163264617.4,8.212892075,1312798283,9.12E+00,81786493563,10.91268159,689720199.2,8.838672945,4688932402,9.67E+00,1.31E+11,11.11729119,808271212.1,8.907557111,14738357858,1.02E+01,2.04E+13,13.30934693
C,1693,FALSE,23,Tetracyclin,301805653.8,8.479727371,383071.55,5.583279899,27362.25,4.437151807,23400199013,10.36921955,109449.01,5.039211838,653957853.6,8.82E+00,1.23E+11,11.09036388,2715977262,9.43392613,14414435033,1.02E+01,1.55E+11,11.19127212,2231939001,9.348682321,25589179276,1.04E+01,2.83E+13,13.45167286
D,1694,FALSE,23,Tetracyclin,321972590.1,8.507818901,288395.15,5.459987952,20599.65,4.313859842,4430985549,9.646500334,82398.62,4.915919938,1427968007,9.15E+00,91956854918,10.96358411,624169512.6,8.795302552,11682063715,1.01E+01,1.76E+11,11.24445278,3223845832,9.508374265,37697366599,1.06E+01,3.04E+13,13.48353452
A,1696,FALSE,23,Vancomycin,252613.53,5.402456608,141463.57,5.150644614,10104.54,4.004516547,80836.33,4.907606588,4975476019,9.696834637,102965.27,5.01E+00,58778115362,10.76921566,5169483208,9.713447129,2955578261,9.470642464,92022055459,10.96389193,494819375.9,8.694446697,3586101623,9.55E+00,1.38E+13,13.14123649
B,1697,FALSE,23,Vancomycin,392568.97,5.593915968,219838.62,5.342103989,15702.76,4.195975993,125622.07,5.099065945,8780982621,9.943543118,99602.6,5.00E+00,95504177931,10.98002237,6885659655,9.837945553,5990602414,9.78E+00,1.15E+11,11.06179164,2382108483,9.376961536,9768686138,9.99E+00,1.96E+13,13.29218959
C,1698,FALSE,23,Vancomycin,490025.28,5.690218486,274414.16,5.438406518,19601.01,4.29227845,156808.09,5.195368465,11697883590,10.0681073,64663.74,4.81E+00,1.47E+11,11.16641235,15576923742,10.19248169,20992683186,1.03E+01,1.83E+11,11.26304398,9802465790,9.991335335,40632896587,1.06E+01,3.63E+13,13.56038851
D,1699,FALSE,23,Vancomycin,505829.6,5.70400424,283264.57,5.452192257,20233.18,4.306064145,161865.47,5.209154213,7678493274,9.885276008,208199.46,5.32E+00,1.19E+11,11.07484934,8866181166,9.947736601,15021115695,1.02E+01,1.24E+11,11.09416355,6585901345,9.818615221,28609721973,1.05E+01,2.55E+13,13.4057441
A,1681,FALSE,30,water,23609032.68,7.373078193,152316.34,5.182746496,10879.74,4.036618517,27482219608,10.43905181,9024743137,9.95543485,4972040523,9.70E+00,1.29E+11,11.11106751,4981832288,9.697389103,2157452157,9.33E+00,1.73E+11,11.23883365,1711382876,9.233347182,7999871765,9.90E+00,4.47E+13,13.65003734
C,1683,FALSE,30,water,44729361.89,7.650592703,213069.43,5.328521144,15219.25,4.182393251,43268314340,10.63616998,16223715472,10.21015032,5765050113,9.76E+00,1.90E+11,11.27965098,6973458189,9.843448201,3027107887,9.48E+00,3.39E+11,11.52991776,2252448302,9.352654832,13606005283,1.01E+01,7.18E+13,13.85596715
D,1684,FALSE,30,water,27405650.96,7.437840122,307928.66,5.488450112,21994.9,4.342321992,27757569427,10.44338143,4937856051,9.693538425,3336627006,9.52E+00,1.66E+11,11.21986733,5006040255,9.699494338,1686129376,9.23E+00,1.95E+11,11.29058882,1133617376,9.054466494,6396118217,9.81E+00,3.90E+13,13.59078612
A,1686,FALSE,30,Ciprofloxacin,70551506.9,7.848506294,439768.97,5.643224582,31412.07,4.497096557,51704265517,10.71352637,11609900690,10.0648285,3813425172,9.58E+00,2.55E+11,11.40633235,6527427931,9.814742085,5035354655,9.70E+00,2.35E+11,11.3705908,2657146914,9.424415567,16616984483,1.02E+01,5.51E+13,13.74112638
B,1687,FALSE,30,Ciprofloxacin,70808612.7,7.850086086,268577.78,5.42907008,19184.13,4.282942109,37562520635,10.57475473,9718678730,9.987607226,5720706667,9.76E+00,1.49E+11,11.17302884,8256848254,9.916814303,4162955556,9.62E+00,2.26E+11,11.35334872,3656494603,9.563064937,16147279683,1.02E+01,4.90E+13,13.68999307
C,1688,FALSE,30,Ciprofloxacin,70010577.68,7.845163661,229973.74,5.361678248,16426.7,4.215550326,39769030635,10.59954501,10399741138,10.01702253,5059422319,9.70E+00,1.90E+11,11.27775586,8430180306,9.925836863,3255771116,9.51E+00,2.91E+11,11.46327768,2468932385,9.392509196,13253058206,1.01E+01,6.12E+13,13.78702596
D,1689,FALSE,30,Ciprofloxacin,47577767.48,7.67740406,160735.7,5.206112346,11481.12,4.059984256,34098930841,10.53274076,9243450916,9.965834139,4103352822,9.61E+00,1.59E+11,11.2001772,5972479402,9.776154661,2687730542,9.43E+00,2.23E+11,11.34733782,433756770.1,8.637246266,9382372486,9.97E+00,5.04E+13,13.70225127
A,1691,FALSE,30,Tetracyclin,73361409.98,7.86546767,200167.56,5.301393695,14297.68,4.155265573,31798046346,10.50240044,12683474332,10.10323823,9149087166,9.96E+00,1.61E+11,11.20796003,9516537611,9.978478968,5616129768,9.75E+00,2.58E+11,11.41126101,2464920499,9.391802917,15655962567,1.02E+01,5.17E+13,13.71325359
B,1692,FALSE,30,Tetracyclin,291991225.9,8.465369801,368609.3,5.566566288,26329.24,4.420438323,56739503322,10.75388553,23693679369,10.37463251,10884506113,1.00E+01,2.45E+11,11.38924762,19610014884,10.29247792,26102804452,1.04E+01,4.04E+11,11.60654688,10737062392,1.00E+01,1.02E+11,1.10E+01,9.95E+13,13.99793
C,1693,FALSE,30,Tetracyclin,94360328.16,7.974789443,448115.53,5.651389995,32008.25,4.50526193,38601952427,10.58660927,15965716311,10.20318841,7342693107,9.87E+00,2.45E+11,11.38892317,8821474369,9.945541177,6049559709,9.78E+00,3.03E+11,11.48101529,3232833495,9.509583337,22082493350,1.03E+01,6.70E+13,13.82603137
D,1694,FALSE,30,Tetracyclin,69721573.13,7.843367178,225271.64,5.352706521,16090.83,4.206578447,42576340299,10.62916833,16460920682,10.21645412,11887906354,1.01E+01,2.07E+11,11.31581926,15201008571,10.1818724,7030084307,9.85E+00,2.93E+11,11.46688837,2840031770,9.453323198,21175534328,1.03E+01,6.93E+13,13.84075329
A,1696,FALSE,30,Vancomycin,47901857.55,7.680352355,272501.42,5.43536877,19464.39,4.289240798,155715.1,5.192330729,4788239316,9.680175848,1291851396,9.11E+00,1.95E+11,11.2901081,6485533903,9.811945734,4397005128,9.64E+00,1.51E+11,11.17994225,1597052991,9.203319326,11916098006,1.01E+01,1.63E+13,13.2116544
B,1697,FALSE,30,Vancomycin,25912693.45,7.413512557,206593.23,5.315116086,14756.66,4.168988071,118053.27,5.072078021,8184043160,9.912967911,2111677923,9.32E+00,1.55E+11,11.1905894,3022163792,9.480317998,4226307178,9.63E+00,1.36E+11,11.13409419,3602100497,9.556555825,9758578691,9.99E+00,2.36E+13,13.37283655
C,1698,FALSE,30,Vancomycin,28841763.73,7.460021815,253315.37,5.403661542,18093.95,4.257533386,144751.64,5.160623493,6274983476,9.797612587,2124230277,9.33E+00,1.64E+11,11.21547629,5665217204,9.753216565,3092256851,9.49E+00,1.62E+11,11.20896778,2297932242,9.361337219,8527680831,9.93E+00,2.18E+13,13.3392407
D,1699,FALSE,30,Vancomycin,27769700.81,7.443571201,170740.37,5.232336218,12195.74,4.086208157,97565.92,4.989298144,4801462982,9.681373585,2779409229,9.44E+00,1.32E+11,11.12203885,3819705882,9.582029923,2597692698,9.41E+00,1.13E+11,11.05211655,3025763185,9.480834934,7046698783,9.85E+00,1.96E+13,13.29303312
A,1681,FALSE,37,water,105577363.8,8.023570814,277209.88,5.442808705,19800.71,4.296680763,31582125882,10.49944136,8294515694,9.918791033,3817576094,9.58E+00,1.77E+11,11.24719231,8367778306,9.922610166,4568022847,9.66E+00,2.22E+11,11.34551096,4041324071,9.606523678,17860236706,1.03E+01,4.19E+13,13.62178574
C,1683,FALSE,37,water,51505478.11,7.711853423,310273.96,5.491745329,22162.43,4.345617377,20101320414,10.30322459,6161154438,9.789662095,2965332604,9.47E+00,1.27E+11,11.10452808,5593796331,9.74770665,2573057663,9.41E+00,2.03E+11,11.30699085,4159887367,9.619081572,11296188550,1.01E+01,2.88E+13,13.45989435
D,1684,FALSE,37,water,55917423.53,7.747547153,331713.53,5.520763186,23693.82,4.374635085,24286169118,10.38535901,15282516176,10.18419486,6954137206,9.84E+00,2.70E+11,11.43154066,13275649324,10.12305577,7266895676,9.86E+00,4.72E+11,11.67414254,4134572206,9.616430581,28408894412,1.05E+01,1.15E+14,14.05965807
A,1686,FALSE,37,Ciprofloxacin,44541243.78,7.64876234,257676.62,5.411075015,18405.47,4.264946912,20246019901,10.30633966,10439584080,10.0186832,3456547761,9.54E+00,2.18E+11,11.33903185,9057333085,9.957000339,4402589055,9.64E+00,2.90E+11,11.46305344,1774103507,9.248978954,15883922886,1.02E+01,5.58E+13,13.74667623
B,1687,FALSE,37,Ciprofloxacin,87072183.13,7.939879434,314827.11,5.498072123,22487.65,4.351944073,30808081325,10.48866465,13180012018,10.11991581,9602226807,9.98E+00,2.89E+11,11.46152254,13537565663,10.13154058,7598577139,9.88E+00,4.35E+11,11.63817565,3150519849,9.49838222,31640124398,1.05E+01,8.65E+13,13.93684035
C,1688,FALSE,37,Ciprofloxacin,51542413.79,7.712164753,379786.21,5.579539191,27127.59,4.433411213,26085886897,10.41640561,14724853793,10.16805099,8770348621,9.94E+00,2.35E+11,11.37042796,15837084828,10.19967524,6700513793,9.83E+00,3.91E+11,11.59267741,3106108621,9.492216639,28673858621,1.05E+01,7.48E+13,13.87400551
D,1689,FALSE,37,Ciprofloxacin,57442256.12,7.759231489,397720.86,5.59957837,28408.63,4.45345029,36902814388,10.56705949,6477168345,9.811385185,5380595108,9.73E+00,2.29E+11,11.35994736,11465724317,10.0594015,7062386187,9.85E+00,3.66E+11,11.56370292,699988719.4,8.845091041,27786484029,1.04E+01,7.61E+13,13.88158492
A,1691,FALSE,37,Tetracyclin,57776884,7.761754116,388696,5.589610071,27764,4.443482036,36176492000,10.55842645,15853244000,10.20011814,4428358000,9.65E+00,2.95E+11,11.47042372,15198013600,10.18178683,5633315600,9.75E+00,4.23E+11,11.62618223,931759840,8.969303988,19637477200,1.03E+01,6.76E+13,13.82998074
B,1692,FALSE,37,Tetracyclin,42420538.46,7.627576177,385641.26,5.586183493,27545.8,4.44005539,24807751259,10.3945874,15659789685,10.19478593,5376940979,9.73E+00,2.50E+11,11.39857188,13255040979,10.12238107,5555988706,9.74E+00,3.24E+11,11.51009306,1124970643,9.051141189,15183247273,1.02E+01,5.51E+13,13.74108539
C,1693,FALSE,37,Tetracyclin,100354868.3,8.001538445,333404.88,5.522971952,23814.63,4.376843838,32697492683,10.51451445,20487729756,10.31149384,7849303415,9.89E+00,2.73E+11,11.436029,10428428293,10.01821886,10914246829,1.00E+01,5.08E+11,11.70583464,2283108976,9.358526641,31602019512,1.05E+01,9.03E+13,13.95582672
D,1694,FALSE,37,Tetracyclin,47381224.68,7.675606282,365072.73,5.562379393,26076.62,4.416251298,36429042857,10.56144776,8863444286,9.947602519,3559459091,9.55E+00,2.82E+11,11.44967583,18060669351,10.25673384,5627335325,9.75E+00,4.04E+11,11.60686269,735621545.5,8.866654441,19359285195,1.03E+01,6.63E+13,13.82176827
A,1696,FALSE,37,Vancomycin,59984802.91,7.778041236,385931.64,5.586510385,27566.55,4.440382417,220532.36,5.343472325,14874907927,10.17245429,7859222109,9.90E+00,3.69E+11,11.56716287,12528994909,10.09791623,10629659927,1.00E+01,3.86E+11,11.58682014,2205323636,9.343472332,21750004364,1.03E+01,7.86E+13,13.89568437
B,1697,FALSE,37,Vancomycin,52758895.19,7.722295693,292293.05,5.465818489,20878.07,4.319690349,167024.6,5.22278044,11482941176,10.06005314,5346874973,9.73E+00,2.03E+11,11.30686446,8833513476,9.946133476,6394954332,9.81E+00,2.91E+11,11.46457598,1514913112,9.180387725,14121929840,1.01E+01,6.03E+13,13.78058803
C,1698,FALSE,37,Vancomycin,45493384.31,7.657948246,236416.99,5.373678684,16886.93,4.227550703,135095.42,5.130640626,7843978105,9.894536373,5442656928,9.74E+00,2.01E+11,11.30346174,7700439216,9.886515497,6221144314,9.79E+00,2.50E+11,11.39839838,2747503203,9.438938207,15893976732,1.02E+01,5.19E+13,13.71539574
D,1699,FALSE,37,Vancomycin,45850064.69,7.661339953,385757.76,5.586314671,27554.13,4.440186703,220433,5.343276611,18450242376,10.26600208,13743997756,1.01E+01,2.53E+11,11.402887,14143532574,10.1505579,7511254587,9.88E+00,4.44E+11,11.6470121,3075040396,9.487850825,17361854422,1.02E+01,7.70E+13,13.88625772
A,1681,FALSE,44,water,32738597.37,7.515060069,273963.16,5.437692167,19568.8,4.291564195,21662658271,10.33571175,17355566053,10.23943878,9792226015,9.99E+00,2.33E+11,11.3674752,12030896391,10.08029799,5128981692,9.71E+00,4.22E+11,11.62501184,2692666466,9.430182562,23815225940,1.04E+01,8.94E+13,13.95119516
C,1683,FALSE,44,water,25335099.03,7.403722606,229128.8,5.360079681,16366.34,4.213951569,17381056311,10.24007617,12502249450,10.09698816,4247066019,9.63E+00,2.08E+11,11.31707042,8373021100,9.922882186,3220896311,9.51E+00,3.94E+11,11.59506723,3035956634,9.482295564,15364722848,1.02E+01,6.68E+13,13.82471795
D,1684,FALSE,44,water,26900479.81,7.429760026,172281.21,5.236237913,12305.8,4.090109852,20587604176,10.31360581,15652978190,10.19459698,5357945522,9.73E+00,2.20E+11,11.34320568,10949701253,10.03940227,3091217077,9.49E+00,4.40E+11,11.64362833,1327795870,9.123131313,14643902552,1.02E+01,7.05E+13,13.84788531
A,1686,FALSE,44,Ciprofloxacin,175126407.8,8.243351639,177922.33,5.250230457,12708.74,4.104102495,27781300971,10.44375258,18643718447,10.27053254,7307524272,9.86E+00,2.84E+11,11.45299097,15148815534,10.18037868,9737434951,9.99E+00,4.00E+11,11.60172328,2973844660,9.473318279,29674902913,1.05E+01,8.30E+13,13.91908228
B,1687,FALSE,44,Ciprofloxacin,73664150,7.867256182,196700,5.29380436,14050,4.147676324,28844650000,10.46006527,9375565000,9.971997449,3362165000,9.53E+00,2.24E+11,11.35043798,12036635000,10.08050509,3253980000,9.51E+00,2.41E+11,11.38168714,1174580000,9.069882602,14232650000,1.02E+01,4.43E+13,13.64598688
C,1688,FALSE,44,Ciprofloxacin,114410325.4,8.058465221,214970.41,5.332378685,15355.03,4.186250669,42702337278,10.63045165,12397650888,10.0933394,4477526627,9.65E+00,2.84E+11,11.45295271,17550798817,10.24429689,6071378698,9.78E+00,3.58E+11,11.55416559,1839532544,9.264707476,20330059172,1.03E+01,7.04E+13,13.84740051
D,1689,FALSE,44,Ciprofloxacin,54563851.2,7.736905016,157829.32,5.198187685,11273.52,4.05205954,17609242888,10.24574068,9355896718,9.971085419,4908491904,9.69E+00,2.25E+11,11.35265516,14317374179,10.15586338,4323396061,9.64E+00,3.14E+11,11.49688539,456464945.3,8.659407431,15095247265,1.02E+01,6.00E+13,13.7781346
A,1691,FALSE,44,Tetracyclin,55510166.03,7.744372526,201227.95,5.303688303,14373.42,4.157560116,14675266575,10.166586,16831280274,10.22611715,5865794603,9.77E+00,2.06E+11,11.31441291,9910476301,9.996094527,6340117616,9.80E+00,3.43E+11,11.5355941,1255518644,9.098823166,21071440548,1.03E+01,5.96E+13,13.77560826
B,1692,FALSE,44,Tetracyclin,59639917.53,7.775537034,252635.05,5.402493603,18045.36,4.256365551,17226101443,10.236187,21275480412,10.32787938,12602880000,1.01E+01,2.30E+11,11.36255598,14075381443,10.14846017,7779355052,9.89E+00,4.24E+11,11.627803,1729286928,9.237867059,20120577320,1.03E+01,6.42E+13,13.80720546
C,1693,FALSE,44,Tetracyclin,55779555.79,7.746475051,355607.37,5.550970753,25400.53,4.404842779,19880991947,10.29843805,16804988211,10.22543821,5788779947,9.76E+00,2.83E+11,11.4513381,11481037895,10.05998115,6124066895,9.79E+00,4.20E+11,11.62311588,1135403526,9.055150239,22855393579,1.04E+01,7.14E+13,13.85370369
D,1694,FALSE,44,Tetracyclin,51587082.69,7.712540969,201119.23,5.303453598,14365.66,4.157325584,16951478022,10.22920757,15227598901,10.18263143,4938913681,9.69E+00,2.45E+11,11.38904907,10636334176,10.02679197,5882737500,9.77E+00,3.70E+11,11.56843993,1370627558,9.13691946,19810244231,1.03E+01,5.64E+13,13.75127602
A,1696,FALSE,44,Vancomycin,68476398.77,7.835540912,168335.31,5.226175223,12023.95,4.080047162,7680899654,9.885412091,10377871778,10.0161083,5268895160,9.72E+00,2.17E+11,11.33580279,7809555926,9.892626339,6405158494,9.81E+00,2.55E+11,11.40658787,2179942247,9.338444988,19418680247,1.03E+01,4.79E+13,13.68003893
B,1697,FALSE,44,Vancomycin,191058454.6,8.281166261,230190.91,5.36208817,16442.21,4.215960191,10370100455,10.01578296,12843008506,10.10866677,4700827208,9.67E+00,2.11E+11,11.32520153,8607495779,9.934876818,8656822403,9.94E+00,3.45E+11,11.53817897,2767223571,9.442044248,27063874026,1.04E+01,5.14E+13,13.71136596
C,1698,FALSE,44,Vancomycin,59026693.69,7.771048457,168441.44,5.226448946,12031.53,4.080320858,10610607658,10.02574026,10283350000,10.01213462,5866574775,9.77E+00,1.78E+11,11.24970209,8441322523,9.926410494,7724243243,9.89E+00,3.04E+11,11.48275356,3041571171,9.483097983,23329139640,1.04E+01,5.57E+13,13.74562044
D,1699,FALSE,44,Vancomycin,46046809.32,7.663199542,263662.71,5.421048712,18833.05,4.274920659,2638510424,9.421358814,9013498136,9.954893373,4376801017,9.64E+00,1.82E+11,11.26106531,10685873051,10.02881001,5887211695,9.77E+00,2.62E+11,11.4176228,3363582881,9.526802133,16170057458,1.02E+01,4.02E+13,13.60431895
A,1681,TRUE,49,water,28366983.26,7.452813152,285916.32,5.456238945,20422.59,4.310110819,27162050209,10.43396255,10809679080,10.0338128,3667897908,9.56E+00,1.97E+11,11.29486286,11604117992,10.06461214,4686985356,9.67E+00,3.21E+11,11.50683908,3006205858,9.478018717,17146810042,1.02E+01,5.22E+13,13.71750158
C,1683,TRUE,49,water,42951017.49,7.632973457,238522.11,5.377528643,17037.29,4.231400516,23749987459,10.37566338,16379654191,10.21430473,3812946337,9.58E+00,1.90E+11,11.27984254,16096835116,10.2067405,5992016205,9.78E+00,5.27E+11,11.72164,3552275743,9.55050667,27055222442,1.04E+01,7.48E+13,13.8739643
D,1684,TRUE,49,water,54038013.7,7.732699377,252177.4,5.401706163,18012.67,4.255578093,23218333219,10.36583104,18679140068,10.27135688,7570725719,9.88E+00,2.31E+11,11.36448158,14822627158,10.17092518,8202970479,9.91E+00,5.04E+11,11.70211504,4236580274,9.62701544,36980014041,1.06E+01,6.84E+13,13.83501864
A,1686,TRUE,49,Ciprofloxacin,33647276.84,7.526949921,301383.16,5.479118982,21527.37,4.332990975,19447824632,10.28887103,7939293474,9.899781856,3224799789,9.51E+00,1.99E+11,11.29875704,8247134842,9.916303095,3728540211,9.57E+00,2.34E+11,11.36842078,1695710811,9.229351789,12903504632,1.01E+01,3.64E+13,13.56113479
B,1687,TRUE,49,Ciprofloxacin,53556242.31,7.728810098,180976.92,5.257623193,12926.92,4.111495061,15770846154,10.197855,12477066154,10.09611248,4823035000,9.68E+00,2.87E+11,11.4578486,18007203846,10.25544628,7126612692,9.85E+00,3.47E+11,11.53979222,5890798846,9.770174193,25970188462,1.04E+01,3.43E+13,13.53506868
C,1688,TRUE,49,Ciprofloxacin,77085771.43,7.886974223,192165.38,5.283675149,13726.1,4.137547159,22126471429,10.34491216,16334057692,10.21309409,8422334286,9.93E+00,2.74E+11,11.43749054,20547970055,10.31276892,7930939945,9.90E+00,4.55E+11,11.65816123,2042443516,9.310150055,23677520604,1.04E+01,5.34E+13,13.72716129
D,1689,TRUE,49,Ciprofloxacin,73859817.66,7.868408231,150383.57,5.17720039,10741.68,4.03107221,14845006982,10.17158041,10008026776,10.00034846,3991609692,9.60E+00,1.80E+11,11.25638095,10752425462,10.03150644,6631915565,9.82E+00,2.84E+11,11.45399067,500455047.2,8.699365074,18529404517,1.03E+01,3.57E+13,13.55312538
A,1691,TRUE,49,Tetracyclin,80098019.58,7.903621778,182425.94,5.261086593,13030.42,4.114958414,27819956368,10.44435644,25018415094,10.39825979,17460768868,1.02E+01,2.56E+11,11.40854183,20809587972,10.31826348,9561725519,9.98E+00,6.67E+11,11.8242287,342309252.4,8.534418638,21852021934,1.03E+01,7.60E+13,13.88092501
B,1692,TRUE,49,Tetracyclin,80306626.97,7.904751385,413951.69,5.61694966,29567.98,4.470821656,53636311236,10.7294589,18166565393,10.25927283,22631330000,1.04E+01,2.00E+11,11.30044765,20534960393,10.31249387,8305644888,9.92E+00,5.53E+11,11.74243131,1598740545,9.203777989,24313747921,1.04E+01,1.40E+14,14.14540775
C,1693,TRUE,49,Tetracyclin,96605236.78,7.985000669,374854.02,5.573862173,26775.29,4.427734183,44714729885,10.65045061,12996724483,10.11383391,7965647989,9.90E+00,2.23E+11,11.34869224,13152021149,10.1189925,6677756667,9.82E+00,4.30E+11,11.63347957,542735074.7,8.734587889,18817671954,1.03E+01,8.55E+13,13.93206922
D,1694,TRUE,49,Tetracyclin,49496522.82,7.69457469,237149.66,5.375022506,16939.26,4.228894434,38469063423,10.58511161,16256609497,10.21102997,19039730201,1.03E+01,1.83E+11,11.26352245,17159472148,10.23450392,5493402584,9.74E+00,4.51E+11,11.65442876,857465429.5,8.93321662,17498257383,1.02E+01,1.11E+14,14.0452682
A,1696,TRUE,49,Vancomycin,37214394.46,7.570710957,218632.62,5.339714959,15616.62,4.193587043,31795428923,10.50236469,9776001231,9.990161248,3652726338,9.56E+00,2.13E+11,11.32871997,13161683446,10.11931144,3494998523,9.54E+00,3.04E+11,11.48228317,1249485397,9.096731185,10261677969,1.00E+01,5.40E+13,13.73278847
B,1697,TRUE,49,Vancomycin,125962004,8.100239561,535195.16,5.728512177,38228.23,4.58238419,52410897581,10.7194216,22730503065,10.35660905,13888314435,1.01E+01,2.68E+11,11.42791597,19159986774,10.2823952,10271924274,1.00E+01,5.44E+11,11.73589418,2549822661,9.406509977,26522743065,1.04E+01,6.25E+13,13.79563605
C,1698,TRUE,49,Vancomycin,71859426.82,7.856483749,168260.91,5.225983233,12018.64,4.079855327,26933764091,10.43029705,9677406000,9.985758962,5199262091,9.72E+00,2.65E+11,11.4226719,16092954091,10.20663577,5958839909,9.78E+00,3.23E+11,11.50960705,2022736500,9.305939311,16790035000,1.02E+01,6.50E+13,13.8126507
D,1699,TRUE,49,Vancomycin,46686209.39,7.669188614,212278.96,5.326906951,15162.78,4.180778834,26049661489,10.41580208,9000628091,9.954272817,3490472686,9.54E+00,1.70E+11,11.23038505,13359928252,10.12580413,4165216537,9.62E+00,2.74E+11,11.43725576,1959031586,9.292041438,12512328673,1.01E+01,4.35E+13,13.63881261
A,1681,TRUE,53,water,87119881.01,7.940117274,178550.48,5.251761022,12753.61,4.105633132,29282278846,10.46660487,19755335337,10.29568441,20737362981,1.03E+01,2.30E+11,11.36138782,12141432692,10.08426994,8027119471,9.90E+00,4.12E+11,11.61523861,2707590505,9.432582982,25519965144,1.04E+01,1.24E+14,14.09454799
C,1683,TRUE,53,water,76514516.13,7.883743836,297556.45,5.473569369,21254.03,4.327441289,59723830645,10.77614766,17071238710,10.23226504,17360293548,1.02E+01,2.44E+11,11.38813852,18958596774,10.27780619,5137099597,9.71E+00,3.73E+11,11.57221269,2153033468,9.333050781,21186019355,1.03E+01,9.77E+13,13.99001012
D,1684,TRUE,53,water,81470834.2,7.911002163,168951.52,5.227762103,12067.97,4.081634222,45809996537,10.66096026,29494107359,10.46973526,22832590476,1.04E+01,3.32E+11,11.52144015,33331720346,10.52285773,8010715411,9.90E+00,7.30E+11,11.86331751,1975525931,9.295682735,23544600433,1.04E+01,1.45E+14,14.16117627
A,1686,TRUE,53,Ciprofloxacin,18875240.88,7.275892503,169393.19,5.228895947,12099.51,4.082767783,31289341606,10.49539642,9969999027,9.998695116,4924501946,9.69E+00,2.24E+11,11.34946986,15777765450,10.1980455,5206420608,9.72E+00,2.83E+11,11.45216992,1038743224,9.016508204,19032534550,1.03E+01,7.20E+13,13.8574308
B,1687,TRUE,53,Ciprofloxacin,25526347.23,7.406988673,188287.07,5.274820497,13449.08,4.128692577,32439172559,10.51106977,11696661847,10.06806193,4596894354,9.66E+00,2.25E+11,11.3524488,17120674406,10.23352087,4582100369,9.66E+00,2.71E+11,11.43339857,2118229551,9.325973022,18546276517,1.03E+01,6.98E+13,13.84402712
C,1688,TRUE,53,Ciprofloxacin,53177513.36,7.725728025,254003.82,5.404840248,18143.13,4.258712212,46482698473,10.66729133,10882249237,10.03671867,5481039504,9.74E+00,2.73E+11,11.43682551,16361474427,10.21382244,5882002672,9.77E+00,2.56E+11,11.4079311,1734664637,9.239215525,24547654580,1.04E+01,3.86E+13,13.58647928
D,1689,TRUE,53,Ciprofloxacin,15540667.2,7.19146966,119216.08,5.076334837,8515.43,3.930206583,27283450804,10.4358993,16443303215,10.21598907,12117462701,1.01E+01,2.14E+11,11.32953415,19304489068,10.28565831,4985786656,9.70E+00,3.20E+11,11.5053942,1158950579,9.064064917,17558825080,1.02E+01,9.63E+13,13.98366958
A,1691,TRUE,53,Tetracyclin,883914917.9,8.946410464,251827.61,5.401103344,17987.69,4.254975394,34734222761,10.54075759,32791552.61,7.51576198,5027558.4,6.70E+00,2.87E+11,11.45746405,4919632.28,6.691932642,17111686231,1.02E+01,6.25E+11,11.7955547,402024794.8,8.604252839,515527097,8.71E+00,1.03E+14,14.0137344
B,1692,TRUE,53,Tetracyclin,811825194.4,8.909462525,147738.89,5.169494832,10552.78,4.023366884,24851791667,10.3953577,61607116.67,7.789630883,8278654.17,6.92E+00,1.84E+11,11.26541221,10352275000,10.0150358,29336722222,1.05E+01,5.77E+11,11.76111559,1343368611,9.128195196,694372777.8,8.84E+00,1.20E+14,14.08027285
C,1693,TRUE,53,Tetracyclin,1163992077,9.065950024,220423.23,5.343257362,15744.52,4.197129425,46147176774,10.66414514,143700198.7,8.157457369,23317628.39,7.37E+00,2.31E+11,11.36296664,393455.46,5.594895576,17067055484,1.02E+01,6.39E+11,11.80533431,136882823.2,8.136348954,1026070116,9.01E+00,1.20E+14,14.07970932
D,1694,TRUE,53,Tetracyclin,1518111680,9.181303722,120965.07,5.082659981,8640.36,3.936531838,25696437891,10.40987292,106276458,8.026437072,12951903.29,7.11E+00,1.39E+11,11.14200757,195704.21,5.291600168,19026078089,1.03E+01,9.11E+11,11.95937248,207973523.9,8.318008051,1932849077,9.29E+00,5.36E+13,13.729134
A,1696,TRUE,53,Vancomycin,8101121.46,6.908545144,143400.81,5.156551604,10242.91,4.010423357,3064680.16,6.486385157,147190688.3,8.167880336,104170445.3,8.02E+00,2.61E+11,11.41594108,11123805668,10.04625339,165627935.2,8.22E+00,3.88E+11,11.58894812,24511295547,10.38936627,216432793.5,8.34E+00,7.37E+13,13.86757531
B,1697,TRUE,53,Vancomycin,8812097.28,6.945079283,252134.4,5.401632103,18009.6,4.255504067,1928828.16,6.285293538,73875379.2,7.868499723,27788812.8,7.44E+00,2.07E+11,11.31544552,6778813440,9.831153682,149119488,8.17E+00,3.31E+11,11.52032236,2730255360,9.436203268,231423360,8.36E+00,4.61E+13,13.66408324
C,1698,TRUE,53,Vancomycin,1565351.1,6.194611763,147475.88,5.168720996,10533.99,4.022592902,1816060.09,6.259130214,82028189.69,7.913963127,27925610.75,7.45E+00,1.31E+11,11.11811255,135677807,8.132508815,369743092.1,8.567900069,47034270833,10.67241442,1915079605,9.282186831,100083450.7,8.00E+00,3.01E+13,13.47789506
D,1699,TRUE,53,Vancomycin,4743835.02,6.676129577,146156.89,5.164819293,10439.78,4.018691347,3329245.13,6.522345773,82108852.22,7.914389981,65801919.33,7.82E+00,2.32E+11,11.36465229,8823700178,9.945650743,311418571.1,8.49E+00,1.93E+11,11.28445329,23437301111,10.3699076,235208193.3,8.37E+00,3.53E+13,13.54735128
A,1681,FALSE,58,water,60967561.8,7.785098827,263928.84,5.421486849,18852.06,4.275358813,47639155431,10.67796405,11115174532,10.04591629,3989095880,9.60E+00,2.72E+11,11.43492641,12291543071,10.08960641,6287161985,9.80E+00,3.63E+11,11.55978936,2567650562,9.409535919,21453644195,1.03E+01,7.98E+13,13.90210955
C,1683,FALSE,58,water,78345550.32,7.894014336,386346.5,5.586976982,27596.18,4.440848969,44788597452,10.65116746,7878708917,9.896455056,6435428790,9.81E+00,2.66E+11,11.42492572,11027432866,10.04247442,4360196178,9.64E+00,3.19E+11,11.50380702,3998686242,9.601917328,16786755287,1.02E+01,3.83E+13,13.58355128
D,1684,FALSE,58,water,69538143.12,7.84222309,209092.35,5.320338144,14935.17,4.17421017,33275554740,10.5221253,7920119694,9.898731745,6483356514,9.81E+00,2.65E+11,11.42389765,12875608502,10.10976776,4623928073,9.67E+00,3.00E+11,11.47740635,2453848135,9.389847681,17429341284,1.02E+01,7.69E+13,13.88593312
A,1686,FALSE,58,Ciprofloxacin,74209488.34,7.870459437,238178.09,5.376901808,17012.72,4.230773754,39792754064,10.599804,9095000565,9.95880273,4787379647,9.68E+00,3.28E+11,11.51610549,13424738021,10.12790582,6031009541,9.78E+00,3.44E+11,11.53655466,703816261.5,8.847459297,16908943251,1.02E+01,7.88E+13,13.8964485
B,1687,FALSE,58,Ciprofloxacin,82381952.84,7.915832083,210234.66,5.322704317,15016.76,4.17657624,38668160511,10.58735351,10348050256,10.01485853,5281394972,9.72E+00,2.15E+11,11.33312471,17314325852,10.23840559,5770941392,9.76E+00,3.36E+11,11.52604836,2308076222,9.363250147,19041253409,1.03E+01,7.55E+13,13.87805796
C,1688,FALSE,58,Ciprofloxacin,43071352.03,7.634188505,258908.94,5.413147047,18493.5,4.267019112,42017222764,10.62342734,8357210813,9.922061358,3191977398,9.50E+00,2.32E+11,11.36462415,19972975610,10.30044277,3402803252,9.53E+00,3.08E+11,11.48869452,1186542699,9.074283371,10999931382,1.00E+01,5.59E+13,13.74731313
D,1689,FALSE,58,Ciprofloxacin,97589496.75,7.989403078,152177.87,5.182351501,10869.85,4.036223551,34566117137,10.5386506,13978624729,10.14546445,5728409978,9.76E+00,3.27E+11,11.51464602,29337720174,10.46742636,8764358568,9.94E+00,5.37E+11,11.72959887,1095680694,9.039684009,24739774403,1.04E+01,1.22E+14,14.08621742
A,1691,FALSE,58,Tetracyclin,285750122.5,8.455986425,171842.86,5.235131492,12274.49,4.089003456,38222761224,10.58232206,2299011939,9.361541227,2366521633,9.37E+00,2.02E+11,11.3049061,5194564082,9.715549108,16460090816,1.02E+01,2.88E+11,11.45951612,1936914490,9.287110448,52903051020,1.07E+01,5.76E+13,13.76008381
B,1692,FALSE,58,Tetracyclin,112303121.6,8.050391828,294042.21,5.468409678,21003.02,4.322281746,31273489447,10.49517634,6254697889,9.796206337,4897903116,9.69E+00,1.73E+11,11.23688979,15042359397,10.17731596,10774546734,1.00E+01,2.83E+11,11.45229409,1331801186,9.124439397,28984160804,1.05E+01,4.08E+13,13.61075489
C,1693,FALSE,58,Tetracyclin,214833853.4,8.332102718,452894.74,5.655997277,32349.62,4.509869184,82329793233,10.91555702,8993195489,9.953914034,7207496241,9.86E+00,3.61E+11,11.55714373,6343761278,9.802346832,21787471805,1.03E+01,5.98E+11,11.77704093,4079287594,9.610584325,53635676692,1.07E+01,5.54E+13,13.74362655
D,1694,FALSE,58,Tetracyclin,283143060.8,8.452005923,332271.82,5.52149351,23733.7,4.375365448,55157122652,10.7416016,1505428696,9.17766019,3204049724,9.51E+00,1.69E+11,11.2288211,7889082431,9.897026494,17354082652,1.02E+01,3.17E+11,11.50052188,1018887812,9.008126367,54682448619,1.07E+01,5.66E+13,13.75303582
A,1696,FALSE,58,Vancomycin,405874.44,5.608391702,227289.69,5.356579736,16234.98,4.210451758,129879.82,5.113541678,11560927534,10.06299268,319991.41,5.51E+00,2.98E+11,11.474088,25813614350,10.41184882,22306859193,1.03E+01,2.50E+11,11.39712625,4450007354,9.648360729,29791183857,1.05E+01,4.86E+13,13.68626795
B,1697,FALSE,58,Vancomycin,448277.29,5.651546738,245247.44,5.389604483,17517.67,4.243476341,140141.4,5.146566452,8504830930,9.929665685,177278.87,5.25E+00,2.01E+11,11.30304046,13118986372,10.11790028,13238106558,1.01E+01,1.71E+11,11.23234799,1853369953,9.267962118,25768499070,1.04E+01,2.33E+13,13.36667506
C,1698,FALSE,58,Vancomycin,461141.03,5.663833765,258238.97,5.412021781,18445.64,4.265893728,147565.13,5.168983745,12926705231,10.11148785,315420.46,5.50E+00,2.90E+11,11.46234558,27225766154,10.43498011,12401004462,1.01E+01,2.10E+11,11.32317988,3021396000,9.48020765,24034670256,1.04E+01,3.48E+13,13.5409748
D,1699,FALSE,58,Vancomycin,1108572.58,6.044764132,155045.12,5.190458101,11074.65,4.04433001,88597.21,4.947420046,10863125326,10.03595479,220164.07,5.34E+00,2.50E+11,11.3972846,14939704419,10.17434201,18882280233,1.03E+01,2.06E+11,11.31430972,2868334651,9.457629819,41851106744,1.06E+01,3.51E+13,13.54552606
A,1681,TRUE,63,water,221702842.7,8.345771262,299887.9,5.476958943,21420.56,4.33083082,42841129032,10.63186091,25661836290,10.40928773,21283472903,1.03E+01,1.33E+11,11.12385164,26497238306,10.42320061,21934658065,1.03E+01,5.13E+11,11.70977352,67710404435,1.08E+01,1.23E+11,1.11E+01,1.76E+14,14.2450164
C,1683,TRUE,63,water,42145632.51,7.624752576,181886.21,5.259799774,12991.87,4.113671666,51642690887,10.71300886,12392946626,10.09317458,5768391133,9.76E+00,85070777340,10.9297804,11037894384,10.04288623,3084270394,9.49E+00,3.51E+11,11.54487508,1756501084,9.244648422,16538652956,1.02E+01,7.52E+13,13.87642512
D,1684,TRUE,63,water,67039909.44,7.826333419,168381.55,5.226294503,12027.25,4.080166338,31511403433,10.49846775,22057982403,10.34356579,17559789700,1.02E+01,81304231760,10.91011315,16765990987,10.22442923,3999061695,9.60E+00,4.41E+11,11.64400309,1137417337,9.055919844,21961764378,1.03E+01,4.49E+13,13.65245715
A,1686,TRUE,63,Ciprofloxacin,112511094.6,8.05119535,255748.55,5.40781318,18267.75,4.26168506,44902138406,10.65226702,10390698261,10.01664473,6678690725,9.82E+00,81675126449,10.91208982,16157828080,10.20838298,8067040000,9.91E+00,3.80E+11,11.57933078,776927561.6,8.890380528,32041639855,1.05E+01,3.42E+13,13.53352676
B,1687,TRUE,63,Ciprofloxacin,65883832.84,7.818778857,231171.34,5.36393399,16512.24,4.217805992,55382048955,10.74336902,15133466866,10.17993843,13822395104,1.01E+01,1.11E+11,11.04459463,20458663881,10.31087727,5392897194,9.73E+00,3.88E+11,11.58850364,2496650507,9.397357752,26733314627,1.04E+01,8.19E+13,13.91346257
C,1688,TRUE,63,Ciprofloxacin,252720248.8,8.40264004,197768.78,5.296157734,14126.34,4.150029655,44455596585,10.64792644,25272024878,10.40264004,21161259512,1.03E+01,1.29E+11,11.11031019,31671257561,10.50066531,15920386829,1.02E+01,5.49E+11,11.73953279,3617756049,9.558439278,82441328780,1.09E+01,1.10E+14,14.04273692
D,1689,TRUE,63,Ciprofloxacin,112030126.2,8.049334825,417911.48,5.621084301,29850.82,4.474956266,1.43E+11,11.15420175,29880670492,10.47539034,37791137705,1.06E+01,1.72E+11,11.23454765,46835936066,10.6705792,8579125574,9.93E+00,8.54E+11,11.93132207,586270098.4,8.768097744,42507567213,1.06E+01,2.28E+14,14.35867518
A,1691,TRUE,63,Tetracyclin,279661534.1,8.446632736,282282.73,5.450684309,20163.05,4.304556227,51516598394,10.71194718,18251594859,10.26130082,4185849639,9.62E+00,1.72E+11,11.23540471,24094847390,10.38192418,12196630281,1.01E+01,4.31E+11,11.63436037,1207766827,9.081983097,44177247390,1.06E+01,8.00E+13,13.90290917
B,1692,TRUE,63,Tetracyclin,164375959.8,8.215838302,300818.75,5.478304902,21487.05,4.332176794,81887161161,10.91321582,41212168750,10.61502547,15522247500,1.02E+01,1.32E+11,11.1198495,37881675446,10.57842918,16491313616,1.02E+01,6.82E+11,11.83405747,1790945915,9.253082471,51783799107,1.07E+01,1.13E+14,14.05324367
C,1693,TRUE,63,Tetracyclin,86512486.24,7.937078793,317061.47,5.501143469,22647.25,4.355015474,40153570183,10.60372417,14908683165,10.17343929,11185475642,1.00E+01,1.32E+11,11.12120517,18654537936,10.2707845,9964788991,1.00E+01,4.93E+11,11.69267422,1472750518,9.168129184,30845551376,1.05E+01,1.02E+14,14.00976949
D,1694,TRUE,63,Tetracyclin,71407784.73,7.85374556,300935.88,5.478473971,21495.42,4.332345935,88604120611,10.94745392,37702966412,10.57637552,25923476336,1.04E+01,1.67E+11,11.22327004,42668408397,10.63010644,6895730687,9.84E+00,7.84E+11,11.89451987,976966832.1,8.98987982,25815999237,1.04E+01,1.96E+14,14.29253074
A,1696,TRUE,63,Vancomycin,682289.95,5.833968974,246568.38,5.391937382,17612.03,4.245809417,789723.31,5.897474957,29288801718,10.4667016,6586898282,9.82E+00,1.27E+11,11.1048284,19249946048,10.28442952,7419947182,9.87E+00,3.89E+11,11.5894145,2074696838,9.316954645,24762510653,1.04E+01,2.64E+13,13.42219081
B,1697,TRUE,63,Vancomycin,331377.34,5.520322807,163010.64,5.212215953,11643.62,4.066088023,93148.94,4.969177917,38959542553,10.59061385,4134648404,9.62E+00,1.13E+11,11.05317452,20318111702,10.30788334,13553170213,1.01E+01,4.39E+11,11.64277504,21598909574,10.33443183,58718760638,1.08E+01,8.05E+13,13.90575434
C,1698,TRUE,63,Vancomycin,424654.88,5.628036119,237806.73,5.376224141,16986.2,4.230096233,135889.56,5.133186092,33938418182,10.5306916,6755409865,9.83E+00,1.32E+11,11.12102116,25649154882,10.40907306,8014086936,9.90E+00,3.60E+11,11.55622649,2515655522,9.400651171,26719285185,1.04E+01,3.74E+13,13.57311075
D,1699,TRUE,63,Vancomycin,1112386.22,6.0462556,252446.22,5.402168872,18031.87,4.256040768,144254.98,5.159130815,16071807968,10.20606473,2252180876,9.35E+00,80836884462,10.90760957,11080585657,10.04456272,7203733068,9.86E+00,2.02E+11,11.30487166,1623229163,9.210379837,36785019920,1.06E+01,3.57E+13,13.55270593
A,1681,TRUE,67,water,105075238.2,8.021500383,165845.92,5.219704792,11846.14,4.073576861,40241328541,10.60467231,12035675536,10.08047047,6082991524,9.78E+00,1.06E+11,11.02569082,14926133047,10.17394731,5196900451,9.72E+00,3.99E+11,11.6013352,2184427725,9.33933768,23253967597,1.04E+01,6.89E+13,13.83849963
C,1683,TRUE,67,water,82876665.12,7.918432267,198235.66,5.297181781,14159.69,4.151053745,47831432558,10.67971339,15887172093,10.2010466,7864291783,9.90E+00,1.01E+11,11.00566518,16510198450,10.21775229,4984210853,9.70E+00,4.50E+11,11.65279732,2126785426,9.327723676,25161768992,1.04E+01,9.07E+13,13.95757281
D,1684,TRUE,67,water,81034895.45,7.908672076,177125.45,5.248280967,12651.82,4.102153004,57793505455,10.76187904,21115884545,10.32460928,14587546364,1.02E+01,1.05E+11,11.02055187,19230763636,10.28399653,4161183000,9.62E+00,4.93E+11,11.69254907,1422064364,9.152919253,27163453636,1.04E+01,1.18E+14,14.07231241
A,1686,TRUE,67,Ciprofloxacin,34907933.77,7.542924143,202197.38,5.305775524,14442.67,4.159647488,59099406283,10.77158312,13862074817,10.14182824,13407130707,1.01E+01,1.45E+11,11.16224469,31427250262,10.49730638,2666116911,9.43E+00,4.21E+11,11.62413662,782215015.7,8.893326149,12832312435,1.01E+01,1.10E+14,14.04091865
B,1687,TRUE,67,Ciprofloxacin,137883016.4,8.139510776,156685.25,5.195028115,11191.8,4.048899941,29591127869,10.47116152,18869380328,10.27575764,5694389508,9.76E+00,1.26E+11,11.10005333,26524573770,10.42364841,10537082787,1.00E+01,4.08E+11,11.61107404,40928424590,10.61202503,57939965574,1.08E+01,1.22E+14,14.08751877
C,1688,TRUE,67,Ciprofloxacin,54510769.23,7.736482311,147897.44,5.169960657,10564.1,4.023832504,36889846154,10.56690684,12529025641,10.0979173,5068656410,9.70E+00,1.16E+11,11.06601267,19004820513,10.27886377,3649897436,9.56E+00,3.05E+11,11.48382827,1845548718,9.266125514,18360410256,1.03E+01,7.34E+13,13.86575463
D,1689,TRUE,67,Ciprofloxacin,43967368.42,7.643130473,181042.11,5.257779603,12931.58,4.111651591,49631400000,10.69575653,13914378947,10.14346383,11070724737,1.00E+01,91503852632,10.96143938,19707726316,10.29463652,3402298421,9.53E+00,3.18E+11,11.50276295,1441871053,9.158926423,13888515789,1.01E+01,1.46E+13,13.16549658
A,1691,TRUE,67,Tetracyclin,383349452.6,8.583594847,280255.47,5.447554098,20018.25,4.301426109,38134762774,10.58132105,41277627.74,7.61571473,1297582.85,6.11E+00,1.05E+11,11.02298892,40036.5,4.602456104,16422970803,1.02E+01,7.02E+11,11.84636186,175880328.5,8.245217268,507262408.8,8.71E+00,5.22E+13,13.71756733
B,1692,TRUE,67,Tetracyclin,390426144.6,8.591538892,393518.07,5.59496468,28108.43,4.448836589,33027409639,10.51887451,99194662.65,7.996488305,3122846.99,6.49E+00,1.42E+11,11.15195485,11170291566,10.04806451,22267501205,1.03E+01,6.21E+11,11.79342506,769608915.7,8.88627009,905091566.3,8.96E+00,9.82E+13,13.9919111
C,1693,TRUE,67,Tetracyclin,542013207.6,8.734009869,210490.57,5.323232644,15035.04,4.177104588,44308264151,10.64648474,153958814,8.187404557,8691756.87,6.94E+00,1.33E+11,11.12478453,10492954717,10.0208978,22793121294,1.04E+01,7.40E+11,11.86898163,138878668.5,8.142635544,837602102.4,8.92E+00,1.31E+14,14.11806953
D,1694,TRUE,67,Tetracyclin,303151248.1,8.481659361,191348.85,5.281825856,13667.77,4.135697662,27841257545,10.44468885,25832094.63,7.412159623,1239257.15,6.09E+00,91724437596,10.96248506,1574527.67,6.197150297,11687314348,1.01E+01,4.59E+11,11.66216641,22606499.74,7.354233324,346068061.4,8.54E+00,7.07E+13,13.84960796
A,1696,TRUE,67,Vancomycin,2168304.24,6.336120219,131811.81,5.119954324,9415.13,3.973826321,75321.03,4.87691625,65265675.28,7.814684836,77128738.01,7.89E+00,96693376384,10.98539673,11081607011,10.04460274,181241236.2,8.26E+00,2.29E+11,11.36050443,11655929889,10.06654693,380747822.9,8.58E+00,3.40E+13,13.53109299
B,1697,TRUE,67,Vancomycin,1206121.33,6.081390998,221713.48,5.345792099,15836.68,4.199664141,126693.42,5.10275406,116288720.1,8.065537591,76697027.27,7.88E+00,1.14E+11,11.058741,14626754984,10.16514799,235174655.2,8.37E+00,5.45E+11,11.73660125,2337493542,9.36875042,384672887.2,8.59E+00,6.95E+13,13.84193044
C,1698,TRUE,67,Vancomycin,483921.64,5.684775043,259276.81,5.413763675,18519.77,4.267635589,148158.17,5.170725605,195568790.9,8.291299551,133286798.1,8.12E+00,1.37E+11,11.13745539,12817534106,10.10780448,391693174.9,8.59E+00,4.31E+11,11.63480463,2496465247,9.397325525,336689452.5,8.53E+00,7.01E+13,13.84570129
D,1699,TRUE,67,Vancomycin,1786212.69,6.25193317,182133.85,5.260390668,13009.56,4.114262608,104076.49,5.017352637,169644671.8,8.229540224,101435545,8.01E+00,1.24E+11,11.09262592,13438876227,10.12836295,310017832,8.49E+00,3.77E+11,11.57591145,3944498811,9.595991829,563704266.2,8.75E+00,5.64E+13,13.75155238
A,1681,FALSE,72,water,42676094.69,7.63018467,214992.92,5.332424158,15356.64,4.186296203,25015961947,10.39821721,14697837434,10.16725344,3932834779,9.59E+00,1.57E+11,11.19532113,18857950442,10.27549449,5520711062,9.74E+00,4.11E+11,11.61394431,5618993540,9.749658533,24202060177,1.04E+01,4.32E+13,13.63562045
C,1683,FALSE,72,water,65901029.81,7.818892201,209685.09,5.32156755,14977.51,4.175439618,52975441463,10.72407458,14574611843,10.163597,6670981518,9.82E+00,1.42E+11,11.15100804,16490234959,10.21722684,5167239837,9.71E+00,5.22E+11,11.71751739,3380423279,9.528971084,24982481301,1.04E+01,5.27E+13,13.72185841
D,1684,FALSE,72,water,98935573.58,7.995352476,313441.51,5.496156511,22388.68,4.350028489,61367369811,10.78793751,14395920755,10.15823945,6571077358,9.82E+00,1.46E+11,11.16554108,16621355472,10.22066644,7157660755,9.85E+00,4.64E+11,11.66641782,2525443019,9.402337574,30672490566,1.05E+01,3.94E+13,13.59578823
A,1686,FALSE,72,Ciprofloxacin,93546188.34,7.971026096,301345.29,5.479064408,21524.66,4.3329363,43049327354,10.63396637,11339192825,10.05458214,4599820628,9.66E+00,1.11E+11,11.04398282,20521614350,10.31221152,5710493274,9.76E+00,4.16E+11,11.61871838,2712107623,9.433306919,16978654709,1.02E+01,5.58E+13,13.74673926
B,1687,FALSE,72,Ciprofloxacin,108653992.5,8.036045689,496947.37,5.696310397,35496.24,4.550182352,77665774436,10.89022968,20768850376,10.31741246,7184439098,9.86E+00,1.98E+11,11.29774957,31879173684,10.50350706,7262530827,9.86E+00,5.63E+11,11.75075903,3188272331,9.50355541,25188132331,1.04E+01,8.94E+13,13.95123792
C,1688,FALSE,72,Ciprofloxacin,82753582.52,7.917786804,320572.82,5.505926698,22898.06,4.359798689,50558912621,10.70379772,11861194175,10.07412842,7918148544,9.90E+00,1.25E+11,11.09834256,22167610194,10.34571888,4597930097,9.66E+00,4.37E+11,11.64014938,717167184.5,8.855620409,17901701942,1.03E+01,5.43E+13,13.73454702
D,1689,FALSE,72,Ciprofloxacin,75678900,7.878974811,156200,5.19368103,11157.14,4.047552883,52393942857,10.71928108,11115861429,10.04594312,5531711429,9.74E+00,1.43E+11,11.15408298,13611714286,10.13391282,3617145714,9.56E+00,3.44E+11,11.53694838,4188391429,9.622047262,16958857143,1.02E+01,8.94E+13,13.95134821
A,1691,FALSE,72,Tetracyclin,194304351.8,8.288482528,162597.78,5.211114612,11614.13,4.064986683,20185353463,10.30503636,5027755762,9.701374172,3205499169,9.51E+00,1.07E+11,11.0307535,5014980222,9.700269225,6138066343,9.79E+00,1.93E+11,11.28483213,2048732078,9.311485167,16433990305,1.02E+01,4.61E+13,13.66355865
B,1692,FALSE,72,Tetracyclin,630965429,8.800005565,234372.94,5.369907468,16740.92,4.223779321,47544224422,10.67709777,9395006601,9.97289709,2442500825,9.39E+00,1.43E+11,11.15594908,25613613861,10.40847086,22851361386,1.04E+01,3.19E+11,11.50435803,19034430693,10.27953989,73760511551,1.09E+01,7.39E+13,13.86880837
C,1693,FALSE,72,Tetracyclin,272343170.5,8.435116489,232063.57,5.365606969,16575.97,4.219478952,41439922481,10.61741893,3729593023,9.571661444,2410145891,9.38E+00,1.32E+11,11.12164518,6497779845,9.812764993,11301495659,1.01E+01,3.05E+11,11.48382399,7996247442,9.902886225,27615564341,1.04E+01,6.34E+13,13.80176993
D,1694,FALSE,72,Tetracyclin,183287713,8.263133352,191066.86,5.281185366,13647.63,4.13505724,44873417751,10.65198915,2535730237,9.404103049,1682753166,9.23E+00,1.49E+11,11.17327953,7691806036,9.886028324,9077040799,9.96E+00,3.23E+11,11.50888913,7136347367,9.853475981,23528519527,1.04E+01,5.42E+13,13.73373879
A,1696,FALSE,72,Vancomycin,439948.3,5.643401644,195968.06,5.292185293,13997.72,4.146057302,111981.75,5.04914725,10942016654,10.03909737,451426.43,5.65E+00,1.55E+11,11.19020559,13913732319,10.14344364,5751662586,9.76E+00,1.64E+11,11.2146134,3220875057,9.507973878,17469152852,1.02E+01,3.45E+13,13.53752191
B,1697,FALSE,72,Vancomycin,369763.99,5.567924614,207067.83,5.316112632,14790.56,4.169984618,118324.48,5.073074605,12382656364,10.09281382,166837.51,5.22E+00,1.50E+11,11.17559298,15825898601,10.19936838,7447046678,9.87E+00,2.24E+11,11.34982321,5229941818,9.718496857,22599974825,1.04E+01,4.03E+13,13.60551083
C,1698,FALSE,72,Vancomycin,256583.89,5.409229385,143686.98,5.157417417,10263.36,4.011289563,82106.84,4.914379338,8981462318,9.953347052,128805.11,5.11E+00,1.16E+11,11.06398225,13896583223,10.14290803,4018103642,9.60E+00,1.52E+11,11.18213778,1768376137,9.247574646,6786130596,9.83E+00,2.40E+13,13.37957562
D,1699,FALSE,72,Vancomycin,556745.05,5.745656364,311777.23,5.493844394,22269.8,4.347716317,178158.42,5.250806352,8941325495,9.951401905,675220.4,5.83E+00,1.86E+11,11.26924668,30865945545,10.48947959,15564364604,1.02E+01,4.01E+11,11.60322992,4048650000,9.607310234,33716480198,1.05E+01,6.66E+13,13.82367763
A,1681,FALSE,79,water,51371411.91,7.710721502,165029.78,5.217562321,11787.84,4.071434232,50829171216,10.70611303,12436172457,10.09468674,5772505831,9.76E+00,1.74E+11,11.24022715,16550129032,10.21880138,2048726799,9.31E+00,4.77E+11,11.67824515,4387434491,9.642210645,11418881762,1.01E+01,9.73E+13,13.98815122
C,1683,FALSE,79,water,72040131.21,7.857574495,131855.38,5.120097855,9418.24,3.973969753,44859085495,10.65185042,9889153846,9.995159133,5160254659,9.71E+00,1.54E+11,11.18615647,11396072527,10.0567552,2494892242,9.40E+00,3.44E+11,11.53626292,4169455626,9.620079356,17338983077,1.02E+01,7.97E+13,13.90144306
D,1684,FALSE,79,water,47660046.09,7.678154458,297609.57,5.473646892,21257.83,4.32751893,43259676087,10.63608326,12882242609,10.10999147,5677965348,9.75E+00,1.72E+11,11.23525314,14064177739,10.14811435,1961247035,9.29E+00,4.01E+11,11.60329056,3084510565,9.489186262,11985162348,1.01E+01,7.51E+13,13.87590818
A,1686,FALSE,79,Ciprofloxacin,173453495.9,8.239183057,122334.96,5.087550584,8738.21,3.941422478,24030081301,10.38075524,10162539837,10.00700226,6121117073,9.79E+00,1.28E+11,11.10726086,14601551220,10.164399,3566064065,9.55E+00,4.21E+11,11.62419956,4678438374,9.670100913,15230702439,1.02E+01,6.87E+13,13.83723164
B,1687,FALSE,79,Ciprofloxacin,144793743.6,8.160749797,165343.59,5.218387363,11810.26,4.072259459,39044707692,10.59156218,7967198974,9.901305663,3730860000,9.57E+00,1.20E+11,11.07957917,11262260513,10.05162557,3096649231,9.49E+00,2.64E+11,11.42153647,4607181026,9.663435277,13959723077,1.01E+01,4.78E+13,13.67960685
C,1688,FALSE,79,Ciprofloxacin,202534420.3,8.306498841,177661.77,5.249593985,12690.13,4.103466071,46877327595,10.67096285,11398271696,10.056839,3933939241,9.59E+00,1.51E+11,11.17791724,14327152911,10.1561599,4204238937,9.62E+00,3.47E+11,11.54042333,3545621367,9.549692356,22563045063,1.04E+01,6.23E+13,13.79445877
D,1689,FALSE,79,Ciprofloxacin,151009916.1,8.179005466,177509.56,5.249221747,12679.25,4.103093565,45049389744,10.65368891,10852173566,10.03551673,5987143776,9.78E+00,1.49E+11,11.17276051,12920159907,10.11126789,3926764988,9.59E+00,3.49E+11,11.54321475,6274962844,9.797611159,18879409324,1.03E+01,6.81E+13,13.83323001
A,1691,FALSE,79,Tetracyclin,150711577.6,8.178146616,244123.81,5.387610139,17437.41,4.241481979,31491971429,10.49819985,11318626054,10.05379371,4538959116,9.66E+00,1.72E+11,11.2362399,11442431701,10.05851833,4460490748,9.65E+00,3.58E+11,11.5534473,1248693286,9.096455777,15268200544,1.02E+01,6.28E+13,13.79802603
B,1692,FALSE,79,Tetracyclin,86536251.61,7.937198079,159178.49,5.201884381,11369.89,4.055756263,40533666667,10.60781589,15713191398,10.1962644,4492244516,9.65E+00,1.70E+11,11.23068899,13905378495,10.14318281,4676436774,9.67E+00,3.46E+11,11.53934337,4364901720,9.63997447,18351006452,1.03E+01,6.34E+13,13.80207898
C,1693,FALSE,79,Tetracyclin,355578547.3,8.550935551,150168.92,5.176580057,10726.35,4.030451964,48633277027,10.68693353,21624324324,10.33494255,3895810811,9.59E+00,2.13E+11,11.32908654,18856925676,10.27547089,7749788851,9.89E+00,4.57E+11,11.66026957,933299831.1,8.970021187,32779729730,1.05E+01,6.50E+13,13.81306767
D,1694,FALSE,79,Tetracyclin,98900232.56,7.995197313,141286.05,5.150099284,10091.86,4.003971217,30537969767,10.48484016,13593736047,10.13333883,4326380581,9.64E+00,1.71E+11,11.23314085,12826754651,10.10811679,5448595465,9.74E+00,3.05E+11,11.48397791,3297010814,9.518120372,22091082558,1.03E+01,6.26E+13,13.79657295
A,1696,FALSE,79,Vancomycin,488812.07,5.689141921,147550,5.168939214,10539.29,4.022811355,115089,5.061033817,15461132143,10.18924129,5173735357,9.71E+00,1.90E+11,11.27953006,12668221429,10.10271565,2903573214,9.46E+00,2.76E+11,11.44111202,4266302857,9.630051682,13996171429,1.01E+01,6.05E+13,13.78157157
B,1697,FALSE,79,Vancomycin,237362.93,5.375412894,125636.33,5.099115242,8974.02,3.952987033,233504.1,5.368294511,8535194007,9.931213397,1898006027,9.28E+00,1.78E+11,11.25162119,12913620204,10.11104801,6164256927,9.79E+00,2.58E+11,11.4123799,8105338268,9.908771144,38346003565,1.06E+01,4.94E+13,13.69334963
C,1698,FALSE,79,Vancomycin,346043.26,5.539130395,193784.22,5.287318409,13841.73,4.141190374,110733.84,5.044280361,14340032570,10.15655014,8385320204,9.92E+00,2.20E+11,11.34340662,25330366412,10.40364147,1918463817,9.28E+00,3.40E+11,11.53088839,1796656590,9.254465075,9303026921,9.97E+00,6.80E+13,13.83236008
D,1699,FALSE,79,Vancomycin,311450.32,5.493388781,128926.8,5.110343203,9209.06,3.964215303,330236.79,5.518825454,5788813420,9.762589552,2967158262,9.47E+00,1.69E+11,11.22761422,12211209982,10.0867587,1336234214,9.13E+00,2.00E+11,11.3012753,2227670961,9.347851044,5584372348,9.75E+00,4.03E+13,13.60519296